title,author,length
Dawnshard,Brandon Sanderson,Length: 7 hrs and 5 mins
What We Owe the Future,William MacAskill,Length: 8 hrs and 55 mins
Defiance of the Fall 6,"TheFirstDefier,JF Brink",Length: 23 hrs
The Light We Carry,Michelle Obama,Length: 10 hrs
All Good People Here,Ashley Flowers,Length: 10 hrs and 35 mins
Royally Not Ready,Meghan Quinn,Length: 14 hrs and 31 mins
Fairy Tale,Stephen King,Length: 24 hrs
Tease,Melanie Harlow,Length: 9 hrs and 4 mins
Gilded Ghost,Kyle Kirrin,Length: 21 hrs and 28 mins
Invent,Dakota Krout,Length: 12 hrs and 14 mins
Desperation in Death,J. D. Robb,Length: 13 hrs and 11 mins
Code Name: Omega,Sawyer Bennett,Length: 6 hrs and 45 mins
Local Girl Missing,Lisa Regan,Length: 11 hrs and 52 mins
He Who Fights with Monsters 7,"Shirtaloon,Travis Deverell",Length: 20 hrs and 7 mins
Renegade Mage,Inadvisably Compelled,Length: 12 hrs and 20 mins
Roadkill,Dennis E. Taylor,Length: 8 hrs and 58 mins
Unraveling the Threads of Fate,Alice Winters,Length: 10 hrs and 11 mins
The Lost Nebula,Vaughn Heppner,Length: 14 hrs and 4 mins
The Ink Black Heart,Robert Galbraith,Length: Not Yet Known
The Mad Mage of Sevendor,Terry Mancour,Length: Not Yet Known
Victory at Prescott High,C.M. Stunich,Length: 16 hrs and 41 mins
The False Hero: Volume 5,Michael Plymel,Length: 12 hrs and 28 mins
Fractured Freedom,Shain Rose,Length: 10 hrs and 27 mins
Sweep of the Blade (Dramatized Adaptation),Ilona Andrews,Length: 7 hrs and 51 mins
Forever Protected,Kathleen Brooks,Length: 7 hrs and 5 mins
Meet Me Halfway,Lilian T. James,Length: 9 hrs and 34 mins
Twisted Hate,Ana Huang,Length: 15 hrs
The Primal Hunter 3,Zogarth,Length: 18 hrs and 23 mins
Archer's Voice,Mia Sheridan,Length: 11 hrs and 7 mins
Garden of Serpents,C.N. Crawford,Length: 7 hrs and 57 mins
The Rational Male - The Players Handbook,Rollo Tomassi,Length: 12 hrs and 33 mins
A Grim Baby,M.K. Eidem,Length: 6 hrs and 1 min
Overkill,Sandra Brown,Length: 10 hrs and 10 mins
Freaky Crypts,Amanda M. Lee,Length: 9 hrs and 14 mins
Cobalt Blue,Matthew Reilly,Length: 3 hrs and 42 mins
The Narrator,K. L. Slater,Length: 8 hrs and 5 mins
Revenge,Tom Bower,Length: 16 hrs and 22 mins
A Case of Perplexity in Piccadilly,Clara Benson,Length: 6 hrs and 10 mins
Dragons and Demons,Kel Kade,Length: 18 hrs and 12 mins
"The Rising of the Shield Hero, Volume 3",Aneko Yusagi,Length: 7 hrs and 55 mins
Revenge in the Roses,Dale Mayer,Length: 5 hrs and 41 mins
The Challenge,Danielle Steel,Length: 6 hrs and 48 mins
Carnal,Maggie Cole,Length: 10 hrs and 23 mins
Hidden Bones,Rita Herron,Length: 8 hrs and 58 mins
Mist and Marrow,Mary Calmes,Length: 8 hrs and 24 mins
Put Your Ass Where Your Heart Wants to Be,Steven Pressfield,Length: 1 hr and 55 mins
The Obesity Fix,"James DiNicolantonio,Siim Land",Length: 6 hrs and 53 mins
Final Orders,Gregory Ashe,Length: 12 hrs and 10 mins
Rising Insanity,KamikazePotato,Length: 27 hrs and 28 mins
Savage Bonds,J Bree,Length: 10 hrs and 30 mins
Flame and Fortune,Jana DeLeon,Length: 8 hrs and 30 mins
Carrie Soto Is Back,Taylor Jenkins Reid,Length: 10 hrs and 30 mins
Dark Horse,Shayne Silvers,Length: 12 hrs and 4 mins
Fabric,Victoria Finlay,Length: 17 hrs and 30 mins
Royal Exposé,Jenny Frame,Length: 7 hrs and 11 mins
"The Conversion Code, 2nd Edition",Chris Smith,Length: 8 hrs and 45 mins
The Brain over Binge Recovery Guide,Kathryn Hansen,Length: 10 hrs and 20 mins
Gem Knight,Kirk Mason,Length: 7 hrs and 42 mins
Star Wars: The Princess and the Scoundrel,Beth Revis,Length: 12 hrs and 45 mins
The Orville,Seth MacFarlane,Length: 3 hrs and 5 mins
Rise of the Weakest Summoner: Volume I,J. R. Saileri,Length: 8 hrs and 56 mins
Jackie & Me,Louis Bayard,Length: 8 hrs and 10 mins
Blood Bonds,J Bree,Length: 10 hrs and 19 mins
Hunger,Nicoli Gonnella,Length: 28 hrs and 7 mins
The Do-Over,T L Swan,Length: Not Yet Known
Mike Bravo Ops: Rogue,Eden Finley,Length: 7 hrs and 35 mins
"Girl, Forgotten",Karin Slaughter,Length: 15 hrs and 45 mins
The Dark City,Chris Wraight,Length: 10 hrs and 29 mins
Soul Fraud,Andrew Givler,Length: 10 hrs and 39 mins
Ruby Fever,Ilona Andrews,Length: 12 hrs and 26 mins
Narrator,Landon Beach,Length: 14 hrs and 23 mins
The Shadow Watch Saga,S.A. Klopfenstein,Length: 55 hrs and 17 mins
Bride of the Shadow King,Sylvia Mercedes,Length: 12 hrs and 5 mins
Control System,Tom Larcombe,Length: 13 hrs and 1 min
Only for the Weekend,Riley Hart,Length: 7 hrs and 53 mins
"First Command Box Set: Spacers, Books 1-6",Scott Bartlett,Length: 43 hrs and 54 mins
Primeval Knowledge,V.A. Lewis,Length: 22 hrs and 39 mins
Queenology,R. C. Blakes Jr.,Length: 3 hrs and 59 mins
COVID-19 and the Global Predators,"Peter Roger Breggin,Ginger Breggin",Length: 24 hrs and 9 mins
Beautifully Unexpected,Lily Morton,Length: 7 hrs and 7 mins
Blood Trail,David J. Gatward,Length: 9 hrs and 4 mins
Big Girl,Mecca Jamilah Sullivan,Length: 12 hrs and 4 mins
Long Live the Pumpkin Queen,Shea Ernshaw,Length: 6 hrs and 28 mins
The Return,Dick Morris,Length: 6 hrs and 47 mins
Head Case,M. R. Forbes,Length: 8 hrs and 7 mins
Burner,Mark Greaney,Length: Not Yet Known
Boyfriend Material,Ilsa Madden-Mills,Length: 9 hrs and 31 mins
The Seventh Princess,D.C. Haenlien,Length: 12 hrs
Children of Memory,Adrian Tchaikovsky,Length: 21 hrs
Unforgivable,Natalie Barelli,Length: 9 hrs and 37 mins
Codependent No More,Melody Beattie,Length: Not Yet Known
The Steal Like an Artist Audio Trilogy,Austin Kleon,Length: 4 hrs and 32 mins
Platonic Rulebook,Saxon James,Length: 7 hrs and 2 mins
Tiger's Daughter,Jennifer Ashley,Length: 9 hrs and 40 mins
The Lies I Tell,Julie Clark,Length: 9 hrs and 12 mins
"Solar Dragons Need Love, Too! 1",Virgil Knightley,Length: 10 hrs and 38 mins
Paladin of the Shield,Marvin Knight,Length: 22 hrs and 57 mins
Mars System Reboot,Dave Willmarth,Length: 15 hrs and 33 mins
The Poet's House,Jean Thompson,Length: 10 hrs and 9 mins
Kiss Me Forever,Layla Hagen,Length: 7 hrs and 19 mins
Mothercare,Lynne Tillman,Length: 4 hrs and 15 mins
Superpowers Unlocked,Justin Trublood,Length: 10 hrs and 20 mins
Dirty Minds,Liliana Hart,Length: 4 hrs and 48 mins
Five Oh: Mid-Century Meltdown,Margaret Lashley,Length: 6 hrs and 46 mins
Honor,Thrity Umrigar,Length: 11 hrs and 19 mins
MeatEater's Campfire Stories: Narrow Escapes & More Close Calls,"Steven Rinella,Clay Newcomb,Vince Merritt,Allen Jone,Kimi Werner,Roy Getson,Casey Frank,Cory Holloway,Cameron Kirkconnell,Bruce Batten,Vic Barnes",Length: 5 hrs and 4 mins
The Housemaid,Freida McFadden,Length: 9 hrs and 41 mins
Always,Loren Leigh,Length: 8 hrs and 34 mins
Altered Destinies,Mark Tufo,Length: 11 hrs and 44 mins
Monsters and How to Tame Them,"Kevin Hart,Neil Strauss",Length: 5 hrs and 37 mins
God of the Sands,Chris Fox,Length: 20 hrs and 45 mins
The Tip of the Sword,Phil Ward,Length: 10 hrs and 44 mins
Baby for the Bosshole,Nadia Lee,Length: 10 hrs and 40 mins
Unrestricted Warfare,"Qiao Liang,Wang Xiangsui",Length: 7 hrs and 32 mins
The Montessori Baby,"Simone Davies,Junnifa Uzodike",Length: 10 hrs and 51 mins
Unlock Your Potential,Jeff Lerner,Length: 12 hrs and 42 mins
The New Rules of Aging Well,"Frank Lipman MD,Danielle Claro",Length: 4 hrs and 34 mins
I'm Glad My Mom Died,Jennette McCurdy,Length: 6 hrs and 50 mins
Ten Trends to Seduce Your Bestfriend,Penny Reid,Length: 15 hrs and 55 mins
The Girl on Wildfire Ridge,Leslie Wolfe,Length: 12 hrs and 2 mins
Oath of Loyalty,"Vince Flynn,Kyle Mills",Length: 9 hrs and 23 mins
How to Be a Boss B*tch,"Christine Quinn,Rachel Holtzman",Length: 7 hrs and 43 mins
Noble Roots,Drew Hayes,Length: 23 hrs and 36 mins
Darius,J.R. Ward,Length: 6 hrs and 57 mins
The Butcher and the Wren,Alaina Urquhart,Length: 7 hrs
Misfit,Elle Kennedy,Length: 12 hrs and 37 mins
Dangerous Gamble,Daniel Schinhofen,Length: 12 hrs and 47 mins
The Inmate,Freida McFadden,Length: 8 hrs and 5 mins
Crucial Conversations (Third Edition),"Joseph Grenny,Kerry Patterson,Ron McMillan,Al Switzler,Emily Gregory",Length: 7 hrs and 45 mins
The Metaverse,Matthew Ball,Length: 13 hrs and 38 mins
The Father Daughter Talk,R.C. Blakes Jr.,Length: 2 hrs and 41 mins
Selling from Your Comfort Zone,Stacey Hall,Length: 3 hrs and 59 mins
Mindreader,David J. Lieberman,Length: 6 hrs and 33 mins
Husband Material,Alexis Hall,Length: 13 hrs and 35 mins
Hacked,"Lucy Lennox,May Archer",Length: 11 hrs and 14 mins
The Final Solution,Mark Goodwin,Length: 7 hrs and 4 mins
Marriage Is Murder,Aimee Nicole Walker,Length: 8 hrs and 52 mins
It Starts with Us,Colleen Hoover,Length: Not Yet Known
Raw,Misty Vixen,Length: 8 hrs and 1 min
Rookie Mistake,"Anna Zabo,L.A. Witt",Length: 16 hrs and 36 mins
The Price of Time,Edward Chancellor,Length: 15 hrs and 7 mins
KTF Part 1,"Jason Anspach,Nick Cole",Length: Not Yet Known
Paul Harvey Radio Shows,Paul Harvey,Length: 15 hrs and 40 mins
Shadowheist,"Terry Mancour,Emily Burch Harris",Length: Not Yet Known
My Story,Marilyn Monroe,Length: 4 hrs and 34 mins
Wisdom from Your Spirit Guides,James Van Praagh,Length: 4 hrs and 31 mins
On One Condition,K. Bromberg,Length: 8 hrs and 18 mins
The Hitchhiker's Guide to the Galaxy,Douglas Adams,Length: 5 hrs and 51 mins
The War Girls,V. S. Alexander,Length: 16 hrs and 24 mins
The Never King,Nikki St. Crowe,Length: 4 hrs and 35 mins
Lupercal's War,"Graham McNeill,Aaron Dembski-Bowden,Nick Kyme,Rob Sanders,John French,Chris Wraight,Chris Forrester,James Swallow,Matthew Farrer,Guy Haley,Dan Abnett,Gav Thorpe",Length: 17 hrs and 47 mins
James Acaster's Guide to Quitting Social Media,James Acaster,Length: 6 hrs and 54 mins
The Complete Age of Embers Series (Books 1-5),Ryan Schow,Length: 49 hrs and 14 mins
There's Just One Problem...,Brian Gewirtz,Length: 9 hrs and 20 mins
Taking Stock,Jordan Grumet MD,Length: 5 hrs and 51 mins
"Dirtbag, Massachusetts",Isaac Fitzgerald,Length: 7 hrs and 11 mins
Tearing Us Apart,"Ryan T. Anderson,Alexandra DeSanctis",Length: 8 hrs and 15 mins
The Shifter's Hoard 4,Dante King,Length: 12 hrs and 20 mins
"Oh, Great! I Discovered How to Cultivate a Farmer in 52 Easy Steps",Benjamin Kerei,Length: 15 hrs and 45 mins
The Quitter’s Manifesto,"Tim Rhode,Pat Hiban",Length: 2 hrs and 9 mins
A Shattered Silver Crown,Kai Butler,Length: 13 hrs and 49 mins
The Big Lie,Jonathan Lemire,Length: 10 hrs and 20 mins
The 6:20 Man,David Baldacci,Length: 11 hrs and 48 mins
Reborn,D.I. Freed,Length: 23 hrs and 51 mins
Where the Sky Begins,Rhys Bowen,Length: 11 hrs and 11 mins
Twisted Love,Ana Huang,Length: 10 hrs and 41 mins
Storm Echo,Nalini Singh,Length: 11 hrs and 14 mins
The Dragon's Bride,Katee Robert,Length: 6 hrs and 36 mins
Brutal Vows,J.T. Geissinger,Length: 10 hrs and 27 mins
Elvis and Me,Priscilla Beaulieu Presley,Length: 10 hrs and 30 mins
The Pyramid of Lies,Duncan Mavin,Length: 10 hrs and 59 mins
Bad Moon Academy,Rory Miles,Length: 21 hrs and 9 mins
To Kill a Mockingbird,Harper Lee,Length: 12 hrs and 17 mins
Chiwaukee Nights,Cale Plamann,Length: 14 hrs and 35 mins
Signal Moon,Kate Quinn,Length: 1 hr and 22 mins
The Inn on Harmony Island,Anne-Marie Meyer,Length: 7 hrs and 13 mins
Sapiens,Yuval Noah Harari,Length: 15 hrs and 18 mins
The Magic of Thinking Big,David Schwartz,Length: 9 hrs and 31 mins
King of Battle and Blood,Scarlett St. Clair,Length: 12 hrs and 26 mins
Swing,Ashleigh Renard,Length: 9 hrs and 13 mins
The Leadership Secrets of Nick Saban,John Talty,Length: 8 hrs and 27 mins
The Win-Win Wealth Strategy (1st Edition),Tom Wheelwright,Length: 5 hrs and 12 mins
The Intelligent Investor Rev Ed.,Benjamin Graham,Length: 17 hrs and 48 mins
The Song of Achilles,Madeline Miller,Length: 11 hrs and 15 mins
The Five Dysfunctions of a Team,Patrick Lencioni,Length: 3 hrs and 42 mins
Good to Great,Jim Collins,Length: 10 hrs and 1 min
Buried Mage,Michael Taggart,Length: 13 hrs and 10 mins
The Extended Mind,Annie Murphy Paul,Length: 11 hrs and 26 mins
Reckoning,Catherine Coulter,Length: 11 hrs and 50 mins
2000 Mules,Dinesh D'Souza,Length: 6 hrs and 22 mins
"Boldly, Nobly, and Independent: 1893-1955",The Church of Jesus Christ of Latter-day Saints,Length: 16 hrs and 39 mins
Fatal Felons,Elle Thorpe,Length: 8 hrs and 30 mins
Punk 57,Penelope Douglas,Length: 10 hrs and 7 mins
Fire in the Streets,Douglas R. Groothius,Length: 6 hrs and 37 mins
When the Corn Is Waist High,Jeremy Scott,Length: 8 hrs and 49 mins
Lead Like It Matters,Craig Groeschel,Length: 7 hrs and 35 mins
Resilient,John Eldredge,Length: 6 hrs and 41 mins
Freezing Order,Bill Browder,Length: 10 hrs and 29 mins
The Bodyguard,Katherine Center,Length: 9 hrs and 44 mins
The Divider,"Peter Baker,Susan Glasser",Length: 26 hrs and 30 mins
Making the Call,Amanda Shelley,Length: 9 hrs and 14 mins
They Want to Kill Americans,Malcolm Nance,Length: 10 hrs and 30 mins
The Sunken Chase,Cap Daniels,Length: 8 hrs and 54 mins
Captain of the Guard,Anna Hackett,Length: 6 hrs and 51 mins
Break Free,R.A. Smyth,Length: 11 hrs and 58 mins
The Mountain Is You,Brianna Wiest,Length: 5 hrs and 44 mins
Convergence,Craig Alanson,Length: 16 hrs and 56 mins
The Raven Academy Box Set,A. Caprice,Length: 16 hrs and 42 mins
"God, Sex, and Your Marriage",Dr. Juli Slattery,Length: 4 hrs and 59 mins
Murder at the Priory Hotel,Merryn Allingham,Length: 7 hrs and 35 mins
No Love Lost,LynDee Walker,Length: 10 hrs and 8 mins
Phoebe's Tale: From His Shadow,Garon Whited,Length: 22 hrs and 42 mins
A Little Life,Hanya Yanagihara,Length: 32 hrs and 51 mins
The Destructionists,Dana Milbank,Length: 11 hrs and 58 mins
Dark Whispers from Afar,I. T. Lucas,Length: 8 hrs and 14 mins
The Refiner,Kristy Marie,Length: 8 hrs and 50 mins
Age of Iron,Jez Cajiao,Length: 20 hrs and 50 mins
My Killer Vacation,Tessa Bailey,Length: 8 hrs and 57 mins
The King,Nana Malone,Length: 11 hrs and 48 mins
Rogue Force,Jack Mars,Length: 8 hrs and 20 mins
The Cabinet of Dr. Leng,"Douglas Preston,Lincoln Child",Length: 13 hrs and 30 mins
The Catch Me If You Can,Jessica Nabongo,Length: 12 hrs and 25 mins
Map of Sorrows,Stephanie Hudson,Length: 9 hrs and 2 mins
12 Notes,Quincy Jones,Length: 5 hrs and 7 mins
Yellow,Aron Beauregard,Length: 5 hrs and 7 mins
The Black,Paul E. Cooley,Length: 8 hrs and 12 mins
Born a Crime,Trevor Noah,Length: 8 hrs and 44 mins
Fall from Grace,Hunter Blain,Length: 11 hrs and 56 mins
Traction,Gino Wickman,Length: 6 hrs and 56 mins
Love Lessons,Sarina Bowen,Length: 8 hrs and 11 mins
Social Sanity in an Insta World,"Sarah Eekhoff Zylstra,Melissa Kruger,Jen Wilkin,Emily Jensen,Laura Wifler,Ruth Chou Simons,Gretchen Saffles,Stephanie Greer,Ana Ávila",Length: 2 hrs and 58 mins
Sun Crossed,Elizabeth Briggs,Length: 7 hrs and 59 mins
A Dance with the Fae Prince,Elise Kova,Length: 12 hrs and 57 mins
The Words,Ashley Jade,Length: 16 hrs and 50 mins
La guía práctica para ser feliz [The Practical Guide to Be Happy],Elán,Length: 1 hr and 57 mins
The Only Investment Guide You'll Ever Need: Revised Edition,Andrew Tobias,Length: 10 hrs and 52 mins
Never Split the Difference,Chris Voss,Length: 8 hrs and 7 mins
The Untethered Soul,Michael A. Singer,Length: 6 hrs and 11 mins
The Alchemist,Paulo Coelho,Length: 4 hrs
Adult Children of Emotionally Immature Parents,Lindsay C. Gibson PsyD,Length: 6 hrs and 50 mins
Eragon,Christopher Paolini,Length: 16 hrs and 22 mins
"The 4-Hour Workweek: Escape 9-5, Live Anywhere, and Join the New Rich (Expanded and Updated)",Timothy Ferriss,Length: 13 hrs and 1 min
Fahrenheit 451,Ray Bradbury,Length: 5 hrs and 1 min
Grit,Angela Duckworth,Length: 9 hrs and 22 mins
Monster Girl Collection: Volume 1,Sebastian Guzman,Length: 12 hrs and 46 mins
Legends & Lattes,Travis Baldree,Length: 6 hrs and 22 mins
Praise,Sara Cate,Length: 10 hrs and 37 mins
Sister Friends Forever,Kimberla Lawson Roby,Length: 8 hrs and 47 mins
Autodisciplina diaria y Procrastinación 2 audiolibros en 1 [Daily Self-Discipline and Procrastination 2 Audiobooks in 1],Happy Academy,Length: 4 hrs and 26 mins
Zero to One,"Peter Thiel,Blake Masters",Length: 4 hrs and 50 mins
Shoe Dog,Phil Knight,Length: 13 hrs and 21 mins
Release Me,Jayda Marx,Length: 5 hrs and 45 mins
Shattered,"James Patterson,James O. Born",Length: 8 hrs and 3 mins
Rains of Liscor,pirateaba,Length: 33 hrs and 52 mins
Vindicta,Steven Konkoly,Length: 10 hrs and 1 min
The Lady and the Orc,Finley Fenn,Length: 14 hrs and 20 mins
Empire of the Summer Moon,S. C. Gwynne,Length: 15 hrs and 9 mins
The 5 Second Rule,Mel Robbins,Length: 7 hrs and 35 mins
Outliers,Malcolm Gladwell,Length: 7 hrs and 18 mins
The Killings at Badger’s Drift,Caroline Graham,Length: 8 hrs and 22 mins
Traveling in the Spirit Made Simple,Praying Medic,Length: 8 hrs and 26 mins
In the Pines,Kendra Elliot,Length: 8 hrs and 51 mins
Endeavour,Christopher G. Nuttall,Length: 13 hrs and 20 mins
"America, a Redemption Story","Senator Tim Scott,Joe Clark,Francis Scott - foreword",Length: 6 hrs and 11 mins
The Ex-Husband,Samantha Hayes,Length: 10 hrs and 2 mins
Zero Recall,Sara King,Length: 19 hrs and 20 mins
Essentialism,Greg McKeown,Length: 6 hrs and 14 mins
The Fifth Season,N. K. Jemisin,Length: 15 hrs and 27 mins
The Obesity Code,Dr. Jason Fung,Length: 10 hrs and 9 mins
Communion,Whitley Strieber,Length: 12 hrs and 14 mins
Stories of Jedi and Sith,"Roseanne A. Brown,Sarwat Chadda,Alex Segura,Delilah S. Dawson,Karen Strong,Michael Kogge,Michael Moreci,Sam Maggs,Tessa Gratton,Vera Strange",Length: 6 hrs and 1 min
Metropolis,B. A. Shapiro,Length: 11 hrs and 58 mins
You're Not Broken,Christopher Michael Duncan,Length: 5 hrs and 44 mins
Mine to Hold,Natasha Madison,Length: 6 hrs and 35 mins
El caso Alaska Sanders [The Alaskan Sanders Case],Joël Dicker,Length: 17 hrs and 33 mins
The Tyrant Alpha's Rejected Mate,Cate C. Wells,Length: 12 hrs and 23 mins
The Masculine in Relationship,GS Youngblood,Length: 7 hrs and 47 mins
The Devil You Know,Elizabeth O'Roark,Length: 8 hrs and 38 mins
Dark Harvest,Will Jordan,Length: 11 hrs and 41 mins
The Sins of Saint,Bella J,Length: 5 hrs and 56 mins
Daisy Darker,Alice Feeney,Length: 10 hrs and 54 mins
"Galactic Federations, Councils, & Secret Space Programs",Michael Salla,Length: 8 hrs and 11 mins
The Diary of St. Maria Faustina Kowalska,Saint Maria Faustina Kowalska,Length: 30 hrs and 9 mins
Breaking the Bank,Daniel Schinhofen,Length: 12 hrs and 1 min
The Lost Metal,Brandon Sanderson,Length: 10 hrs
God of Malice,Rina Kent,Length: 15 hrs and 30 mins
The Last White Man,Mohsin Hamid,Length: 3 hrs and 5 mins
Black Dog,Stuart Woods,Length: 6 hrs and 16 mins
Out of the Clear Blue Sky,Kristan Higgins,Length: 14 hrs and 49 mins
Drop Dead Queen,"C. Hallman,J.L. Beck",Length: 8 hrs and 13 mins
East of Eden,John Steinbeck,Length: 25 hrs and 23 mins
Crooked Paradise: The Complete Series,"Eva Chance,Harlow King",Length: 35 hrs and 2 mins
Shared Insanity,KamikazePotato,Length: 19 hrs and 18 mins
"Space Assassins Box Set: The Complete Series, Books 1-5",Scott Baron,Length: 44 hrs and 49 mins
So Not Meant to Be,Meghan Quinn,Length: 13 hrs and 23 mins
Take Charge of You,"David Novak,Jason Goldsmith",Length: 4 hrs and 50 mins
A Queen of Ruin,K.F. Breene,Length: 20 hrs and 44 mins
A World of Curiosities,Louise Penny,Length: 15 hrs
The Last Lavender Sister,Melissa Brayden,Length: 10 hrs and 28 mins
Talyn: Rebirth,Benjamin Medrano,Length: 10 hrs and 55 mins
The Rose at War,Danie Ware,Length: 14 hrs and 46 mins
Arrival,Matthew Peed,Length: 7 hrs and 30 mins
Geopolitical Alpha,Marko Papic,Length: 7 hrs and 52 mins
"First, Break All the Rules","Marcus Buckingham,Gallup Press,Jim Harter - foreword",Length: 9 hrs and 51 mins
Danger Zone,"Hal Brands,Michael Beckley",Length: 8 hrs and 26 mins
For the Children's Sake,Susan Schaeffer Macaulay,Length: 6 hrs and 11 mins
Glacier's Edge,R. A. Salvatore,Length: 13 hrs and 43 mins
Star Trek: Picard: No Man's Land,"Kirsten Beyer,Mike Johnson",Length: 1 hr and 39 mins
Beware of Chicken: A Xianxia Cultivation Novel,Casualfarmer,Length: 12 hrs and 35 mins
Fatal Witness,Robert Bryndza,Length: 9 hrs and 29 mins
We Never Die,Matt Fraser,Length: 6 hrs and 25 mins
Say You Swear,Meagan Brandy,Length: 17 hrs and 4 mins
The Flag and the Cross,"Samuel L. Perry,Philip S. Gorski,Jemar Tisby - foreword",Length: 4 hrs and 43 mins
Garnet Flats,Devney Perry,Length: 8 hrs and 31 mins
American Royals III: Rivals,Katharine McGee,Length: 12 hrs and 32 mins
The Agatha Christie Collection: 30 Books,Agatha Christie,Length: 46 hrs and 11 mins
Outdoor Kids in an Inside World,Steven Rinella,Length: 6 hrs and 3 mins
Songs of Suffering,"Joni Eareckson Tada,Keith Getty - foreword,Kristyn Getty - foreword",Length: 3 hrs and 30 mins
The Demon Awakens (Dramatized Adaptation),R.A. Salvatore,Length: 19 hrs and 5 mins
Trailed,Kathryn Miles,Length: 9 hrs and 10 mins
Second Flight,"J.N. Chaney,Chris Kennedy",Length: 10 hrs
The Devil in the White City,Erik Larson,Length: 14 hrs and 58 mins
13 Things Mentally Strong People Don't Do,Amy Morin,Length: 6 hrs and 36 mins
The Science of Getting Rich,Wallace D. Wattles,Length: 2 hrs and 28 mins
Refugee,Alan Gratz,Length: 7 hrs and 37 mins
1491,Charles C. Mann,Length: 16 hrs and 17 mins
The Game,Neil Strauss,Length: 9 hrs and 27 mins
The Shack,William P. Young,Length: 9 hrs and 15 mins
The Mystery of Montague Morgan,Karen Baugh Menuhin,Length: 8 hrs and 24 mins
Broken Bonds,J Bree,Length: 8 hrs and 51 mins
Centers of Gravity,Marko Kloos,Length: 9 hrs and 47 mins
My Dead World: Book 4,Jacqueline Druga,Length: 5 hrs and 46 mins
A Long Walk to Water,Linda Sue Park,Length: 2 hrs and 41 mins
Flow,Mihaly Csikszentmihalyi Ph.D.,Length: 5 hrs and 31 mins
I Am Malala,"Malala Yousafzai,Christina Lamb - contributor",Length: 9 hrs and 55 mins
Diana,Andrew Morton,Length: 13 hrs and 2 mins
Fear and Loathing in Las Vegas,Hunter S. Thompson,Length: 6 hrs
The Case of the Murderous Dr. Cream,Dean Jobb,Length: 9 hrs and 43 mins
The Scars That Bind Us,Michele Notaro,Length: 12 hrs and 20 mins
The 15 Commitments of Conscious Leadership,"Jim Dethmer,Diana Chapman,Kaley Klemp",Length: 7 hrs and 53 mins
Devotion,Adam Makos,Length: 14 hrs and 44 mins
Undisputed Truth,"Mike Tyson,Larry Sloman",Length: 20 hrs and 46 mins
On Killing,Lt. Col. Dave Grossman,Length: 10 hrs and 23 mins
What Your Food Ate,"David R. Montgomery,Anne Biklé",Length: 15 hrs and 53 mins
Sanando la herida materna [Healing the Maternal Wound],Aura Medina de Wit,Length: 10 hrs and 35 mins
Leading Change,John P. Kotter,Length: 6 hrs and 34 mins
The Secrets You Keep,Kate White,Length: 10 hrs and 18 mins
The Skinny Confidential's Get the F*ck Out of the Sun,Lauryn Evarts Bosstick,Length: 9 hrs and 43 mins
Lost and Found in Paris,Lian Dolan,Length: 10 hrs and 30 mins
One True Loves,Taylor Jenkins Reid,Length: 8 hrs and 5 mins
Endurance,Alfred Lansing,Length: 10 hrs and 20 mins
The Energy Bus,Jon Gordon,Length: 2 hrs and 39 mins
The Miracle Morning,Hal Elrod,Length: 4 hrs and 57 mins
The ONE Thing,"Gary Keller,Jay Papasan",Length: 5 hrs and 28 mins
Getting Things Done,David Allen,Length: 10 hrs and 23 mins
Hyperion,Dan Simmons,Length: 20 hrs and 44 mins
The Purpose Driven Life,Rick Warren,Length: 9 hrs and 38 mins
The Seat of the Soul,Gary Zukav,Length: 10 hrs and 12 mins
The Outsiders,S. E. Hinton,Length: 5 hrs and 8 mins
A Wrinkle in Time,Madeleine L'Engle,Length: 6 hrs and 27 mins
The Lean Startup,Eric Ries,Length: 8 hrs and 38 mins
The Road,Cormac McCarthy,Length: 6 hrs and 39 mins
The Happiness Advantage,Shawn Achor,Length: 7 hrs and 19 mins
"Multipliers, Revised and Updated","Liz Wiseman,Stephen Covey - foreword",Length: 11 hrs and 24 mins
Bossypants,Tina Fey,Length: 5 hrs and 32 mins
Holes,Louis Sachar,Length: 4 hrs and 30 mins
Divergent,Veronica Roth,Length: 11 hrs and 11 mins
The Prince,Niccolo Machiavelli,Length: 4 hrs and 47 mins
Year of Yes,Shonda Rhimes,Length: 7 hrs and 4 mins
Neuromancer,William Gibson,Length: 10 hrs and 31 mins
Red Notice,Bill Browder,Length: 14 hrs and 7 mins
Catch-22,Joseph Heller,Length: 19 hrs and 58 mins
The Life-Changing Magic of Tidying Up,Marie Kondo,Length: 4 hrs and 50 mins
Just Mercy (Movie Tie-In Edition),Bryan Stevenson,Length: 11 hrs and 11 mins
Sharp Objects,Gillian Flynn,Length: 9 hrs and 34 mins
Shantaram,Gregory David Roberts,Length: 42 hrs and 59 mins
Loving What Is,"Byron Katie,Stephen Mitchell",Length: 9 hrs and 7 mins
The Advantage,Patrick Lencioni,Length: 5 hrs and 25 mins
The Power of Moments,"Chip Heath,Dan Heath",Length: 6 hrs and 24 mins
Their Eyes Were Watching God,Zora Neale Hurston,Length: 6 hrs and 44 mins
Drive,Daniel H. Pink,Length: 5 hrs and 53 mins
The Bell Jar,Sylvia Plath,Length: 7 hrs and 24 mins
What Got You Here Won't Get You There,"Marshall Goldsmith,Mark Reiter",Length: 9 hrs and 39 mins
The Celestine Prophecy,James Redfield,Length: 8 hrs and 27 mins
The Road Less Traveled,M. Scott Peck M.D.,Length: 4 hrs and 23 mins
Made to Stick,"Chip Heath,Dan Heath",Length: 8 hrs and 37 mins
Brink of War,Logan Ryles,Length: 8 hrs and 25 mins
I Remember You,Brian Freeman,Length: 10 hrs and 38 mins
Hell and Back,Craig Johnson,Length: 11 hrs and 15 mins
The Measure,Nikki Erlick,Length: 10 hrs and 57 mins
The Big Leap,Gay Hendricks,Length: 5 hrs and 27 mins
Building a Second Brain,Tiago Forte,Length: 7 hrs and 20 mins
Sacred Woman,Queen Afua,Length: 27 hrs and 59 mins
Nowhere Girl,Cheryl Diamond,Length: 10 hrs and 37 mins
The Romance of Reality,Bobby Azarian,Length: 12 hrs and 8 mins
Bonds of Blood,"J.N. Chaney,Terry Mixon",Length: 8 hrs and 16 mins
The Bodies of Others,Naomi Wolf,Length: 9 hrs and 8 mins
Dead Serious Case #1 Miz Dusty Le Frey,Vawn Cassidy,Length: 9 hrs and 40 mins
The Diamond Eye,Kate Quinn,Length: 12 hrs and 51 mins
"The Truth About Energy, Global Warming, and Climate Change","Jerome R. Corsi PhD,Marc Morano - foreword",Length: 15 hrs and 26 mins
Wild Jasmine,Bertrice Small,Length: 20 hrs and 56 mins
Overthinking About You,Allison Raskin,Length: 5 hrs and 55 mins
Beauty and the Beast: Dark Mafia Romance Boxset,L. Steele,Length: 23 hrs and 35 mins
The Common Sense Way,Pete Blaber,Length: 7 hrs and 53 mins
"Diana, William, and Harry","James Patterson,Chris Mooney",Length: 10 hrs and 24 mins
The Big Short,Michael Lewis,Length: 9 hrs and 27 mins
Black Marxism,"Cedric J. Robinson,Robin D.G. Kelley - foreword,Tiffany Willoughby-Herard - preface,Damien Sojoyner - preface",Length: 20 hrs
Hell to Pay,Macy Blake,Length: 7 hrs and 17 mins
Do Not Leave Quietly,Mario Murillo,Length: 3 hrs and 32 mins
"Spacers, Part 4",Scott Bartlett,Length: 11 hrs and 34 mins
Engineering Home,A. American,Length: 11 hrs and 36 mins
What Lies Beneath,J. G. Hetherton,Length: 10 hrs and 10 mins
Wonder,R. J. Palacio,Length: 7 hrs and 10 mins
Mother of Death & Dawn,Carissa Broadbent,Length: 21 hrs and 29 mins
Slouching Towards Bethlehem,Joan Didion,Length: 6 hrs and 52 mins
How to Win at the Sport of Business,Mark Cuban,Length: 2 hrs and 8 mins
Number the Stars,Lois Lowry,Length: 2 hrs and 45 mins
The Round House,Louise Erdrich,Length: 12 hrs and 39 mins
Speak,Laurie Halse Anderson,Length: 5 hrs and 48 mins
Exit West,Mohsin Hamid,Length: 4 hrs and 42 mins
The Happiness Project,Gretchen Rubin,Length: 10 hrs and 15 mins
El Hombre Mas Rico De Babilonia [The Richest Man in Babylon],George S. Clason,Length: 5 hrs and 20 mins
Mage of No Renown,Kel Kade,Length: 10 hrs and 30 mins
Love on the Brain,Ali Hazelwood,Length: 11 hrs and 7 mins
Pacchi Festival,Nikita Thorn,Length: 21 hrs and 28 mins
Soul Taken,Patricia Briggs,Length: 10 hrs and 33 mins
Solve for Happy,Mo Gawdat,Length: 11 hrs and 12 mins
The Other Wes Moore,"Wes Moore,Tavis Smiley - afterword",Length: 6 hrs and 12 mins
Pussy,Regena Thomashauer,Length: 9 hrs and 32 mins
The Dance of Anger,Harriet Lerner,Length: 6 hrs and 50 mins
Created Equal,"Michael Pack,Mark Paoletta",Length: 10 hrs and 15 mins
With the Old Breed,E. B. Sledge,Length: 13 hrs and 58 mins
The Power Broker,Robert A. Caro,Length: 66 hrs and 9 mins
The Haunting of Hill House,Shirley Jackson,Length: 7 hrs and 27 mins
Life of Pi,Yann Martel,Length: 12 hrs and 53 mins
"Creativity, Inc.","Ed Catmull,Amy Wallace",Length: 12 hrs and 52 mins
To Kill a Troubadour,Martin Walker,Length: 9 hrs and 33 mins
Wild Fire,"Nicholas Sansbury Smith,Anthony Melchiorri",Length: 11 hrs and 9 mins
Aurora: EV-01,Ryk Brown,Length: 8 hrs
Long Walk to Freedom,Nelson Mandela,Length: 27 hrs and 39 mins
Open,Andre Agassi,Length: 18 hrs and 4 mins
Scaling Up,Verne Harnish,Length: 8 hrs and 49 mins
"A Patriot’s History of the United States, Updated Edition","Larry Schweikart,Michael Allen",Length: 55 hrs and 43 mins
The Checklist Manifesto,Atul Gawande,Length: 6 hrs and 9 mins
Knowing God,J. I. Packer,Length: 10 hrs
Apocalypse Unleashed,Chris Ford,Length: 14 hrs and 53 mins
Shields of Strathmar,Marc Mulero,Length: 14 hrs and 51 mins
The Breathing Cure,Patrick McKeown,Length: 16 hrs and 29 mins
Part of Your World,Abby Jimenez,Length: 10 hrs and 5 mins
The Tao of Pooh,Benjamin Hoff,Length: 2 hrs and 46 mins
Playing to Win,"Roger L. Martin,A.G. Lafley",Length: 7 hrs and 9 mins
How We Love,"Milan Yerkovich,Kay Yerkovich",Length: 10 hrs and 56 mins
Swan Song,Robert R. McCammon,Length: 34 hrs and 19 mins
How to Master the Art of Selling,Tom Hopkins,Length: 15 hrs and 28 mins
The First Fifteen Lives of Harry August,Claire North,Length: 12 hrs and 10 mins
The Other Einstein,Marie Benedict,Length: 8 hrs and 30 mins
The Master and Margarita,Mikhail Bulgakov,Length: 16 hrs and 52 mins
American Nations,Colin Woodard,Length: 12 hrs and 51 mins
Love & Gelato,Jenna Evans Welch,Length: 8 hrs and 17 mins
WomanCode,Alisa Vitti,Length: 7 hrs and 49 mins
The Smartest Guys in the Room,Bethany McLean,Length: 22 hrs and 30 mins
One Up On Wall Street,Peter Lynch,Length: 2 hrs and 11 mins
"Never Eat Alone, Expanded and Updated","Keith Ferrazzi,Tahl Raz",Length: 13 hrs and 49 mins
"Bud, Not Buddy",Christopher Paul Curtis,Length: 5 hrs and 14 mins
The Little Book of Hygge,Meik Wiking,Length: 3 hrs and 13 mins
Deserving Alaska,Susan Stoker,Length: 9 hrs and 52 mins
Tattered Stars,Catherine Cowles,Length: 8 hrs and 39 mins
Why We Sleep,Matthew Walker,Length: 13 hrs and 52 mins
Mazzone Mafia: The Complete Series,Siobhan Davis,Length: 38 hrs and 45 mins
The Butterfly Garden,Dot Hutchison,Length: 9 hrs and 13 mins
John Dies at the End,David Wong,Length: 14 hrs and 17 mins
Who,"Geoff Smart,Randy Street",Length: 4 hrs and 47 mins
Death Comes for the Archbishop,Willa Cather,Length: 7 hrs and 42 mins
Eleven Rings,"Phil Jackson,Hugh Delehanty",Length: 10 hrs and 27 mins
The Five Invitations,Frank Ostaseski,Length: 12 hrs and 16 mins
A Child Called 'It',David Pelzer,Length: 3 hrs and 46 mins
Blue Highways,William Least Heat-Moon,Length: 17 hrs and 54 mins
On the Road,Jack Kerouac,Length: 11 hrs and 8 mins
Captivate,Vanessa Van Edwards,Length: 7 hrs and 28 mins
Dirty Empire,K. A. Tucker,Length: 6 hrs and 46 mins
Rejection,"K. Loraine,Meg Anne",Length: 10 hrs and 3 mins
"The First 90 Days, Updated and Expanded",Michael Watkins,Length: 6 hrs and 58 mins
"Guns, Germs and Steel",Jared Diamond,Length: 16 hrs and 20 mins
Quiet,Susan Cain,Length: 10 hrs and 39 mins
The E-Myth Revisited,Michael E. Gerber,Length: 8 hrs and 5 mins
The Exorcist,William Peter Blatty,Length: 12 hrs and 51 mins
The Giver,Lois Lowry,Length: 4 hrs and 49 mins
Psycho-Cybernetics,Maxwell Maltz,Length: 12 hrs and 16 mins
Alexander Hamilton,Ron Chernow,Length: 35 hrs and 58 mins
Secrets of the Millionaire Mind,T. Harv Eker,Length: 5 hrs and 10 mins
The Glass Castle,Jeannette Walls,Length: 10 hrs and 25 mins
"The Case for Christ, Revised & Updated",Lee Strobel,Length: 10 hrs and 49 mins
Wildflower,Drew Barrymore,Length: 7 hrs and 5 mins
Being Mortal,Atul Gawande,Length: 9 hrs and 3 mins
Scythe,Neal Shusterman,Length: 10 hrs and 32 mins
Genghis Khan and the Making of the Modern World,Jack Weatherford,Length: 14 hrs and 20 mins
"Strong Fathers, Strong Daughters",Meg Meeker,Length: 7 hrs and 4 mins
Wild,Cheryl Strayed,Length: 13 hrs and 2 mins
The Things They Carried,Tim O'Brien,Length: 7 hrs and 47 mins
The Hate U Give,Angie Thomas,Length: 11 hrs and 50 mins
Autobiography of a Yogi,Paramahansa Yogananda,Length: 17 hrs and 50 mins
Based on a True Story,Norm Macdonald,Length: 7 hrs and 18 mins
The Immortal Life of Henrietta Lacks,Rebecca Skloot,Length: 12 hrs and 30 mins
Freakonomics,"Steven D. Levitt,Stephen J. Dubner",Length: 7 hrs and 51 mins
Anne Frank: The Diary of a Young Girl,Anne Frank,Length: 9 hrs and 55 mins
Night,Elie Wiesel,Length: 4 hrs and 17 mins
Undaunted Courage,Stephen E. Ambrose,Length: 21 hrs and 40 mins
Napoleon,Andrew Roberts,Length: 32 hrs and 56 mins
Homegoing,Yaa Gyasi,Length: 13 hrs and 11 mins
Self-Compassion,Kristin Neff,Length: 8 hrs and 59 mins
Killing Sacred Cows,Garrett B. Gunderson,Length: 8 hrs and 11 mins
Why Does He Do That?,Lundy Bancroft,Length: 13 hrs and 32 mins
Titan,Ron Chernow,Length: 35 hrs and 3 mins
Hillbilly Elegy,J. D. Vance,Length: 6 hrs and 49 mins
Countdown to Midnight,"L.T. Vargus,Tim McBain",Length: 9 hrs and 10 mins
Love Blooms in Morning Star,Charlotte Hubbard,Length: 9 hrs and 18 mins
The Invention of Wings,Sue Monk Kidd,Length: 13 hrs and 42 mins
Tribe,Sebastian Junger,Length: 2 hrs and 59 mins
Frog and Toad Audio Collection,Arnold Lobel,Length: 1 hr and 29 mins
Emotional Agility,Susan David,Length: 9 hrs and 21 mins
Paddle Your Own Canoe,Nick Offerman,Length: 10 hrs and 50 mins
SHIFT,"Gary Keller,Dave Jenks,Jay Papasan",Length: 8 hrs and 8 mins
Black Rose Kisses: The Complete Series,Eva Ashwood,Length: 30 hrs and 10 mins
The Brand Gap (Revised Edition),Marty Neumeier,Length: 2 hrs and 54 mins
Flowers for Algernon,Daniel Keyes,Length: 8 hrs and 58 mins
Mercenary Wizard,Han Yang,Length: 10 hrs and 6 mins
Twisted Games,Ana Huang,Length: 13 hrs and 14 mins
Curse of the Phoenix,Dan Willis,Length: 8 hrs and 35 mins
King of Shadows,Robert McCammon,Length: 18 hrs and 17 mins
Quintessentially: The One,Aleatha Romig,Length: 5 hrs and 53 mins
One of Us Is Lying (TV Series Tie-In Edition),Karen M. McManus,Length: 10 hrs and 43 mins
Thy Neighbor's Wife,Georgia Beers,Length: 8 hrs and 50 mins
Obsession,"Meg Anne,K. Loraine",Length: 9 hrs and 7 mins
Last Date,S. C. Wynne,Length: 5 hrs and 18 mins
The Millionaire Next Door,"Thomas J. Stanley Ph.D.,William D. Danko Ph.D.",Length: 8 hrs and 16 mins
The Blade Itself,Joe Abercrombie,Length: 22 hrs and 15 mins
Ender's Game,Orson Scott Card,Length: 11 hrs and 57 mins
The Great Gatsby,F. Scott Fitzgerald,Length: 4 hrs and 49 mins
The Boys in the Boat,Daniel James Brown,Length: 14 hrs and 24 mins
The Wife Between Us,"Greer Hendricks,Sarah Pekkanen",Length: 11 hrs and 30 mins
Children of Time,Adrian Tchaikovsky,Length: 16 hrs and 31 mins
Hatchet,Gary Paulsen,Length: 3 hrs and 42 mins
Gone Girl,Gillian Flynn,Length: 19 hrs and 57 mins
Fingerprints of the Gods,Graham Hancock,Length: 18 hrs and 31 mins
Into the Wild,Jon Krakauer,Length: 7 hrs and 5 mins
When Breath Becomes Air,"Paul Kalanithi,Abraham Verghese - foreword",Length: 5 hrs and 35 mins
The Alienist,Caleb Carr,Length: 20 hrs
Slaughterhouse-Five,Kurt Vonnegut,Length: 5 hrs and 13 mins
Station Eleven (Television Tie-in),Emily St. John Mandel,Length: 10 hrs and 40 mins
How to Be a 3% Man,Corey Wayne,Length: 7 hrs and 33 mins
The Goal,"Eliyahu M. Goldratt,Jeff Cox",Length: 11 hrs and 45 mins
The Deal,Elle Kennedy,Length: 12 hrs and 26 mins
"The Go-Giver, Expanded Edition","Bob Burg,John David Mann",Length: 2 hrs and 54 mins
Matilda,Roald Dahl,Length: 4 hrs and 18 mins
Charlotte's Web,E. B. White,Length: 3 hrs and 34 mins
Ikigai,"Héctor García,Francesc Miralles",Length: 3 hrs and 18 mins
Band of Brothers,Stephen E. Ambrose,Length: 12 hrs and 37 mins
The Ideal Team Player,Patrick M. Lencioni,Length: 5 hrs and 3 mins
The Hero with a Thousand Faces,Joseph Campbell,Length: 14 hrs and 37 mins
The Demon-Haunted World,Carl Sagan,Length: 17 hrs and 23 mins
Gardens of the Moon,Steven Erikson,Length: 26 hrs and 3 mins
Bridge to Terabithia,Katherine Paterson,Length: 3 hrs and 30 mins
The Maze Runner,James Dashner,Length: 10 hrs and 50 mins
Rocket Fuel,"Gino Wickman,Mark C. Winters",Length: 4 hrs and 26 mins
Shogun,James Clavell,Length: 53 hrs and 33 mins
Sleeping Giants,Sylvain Neuvel,Length: 8 hrs and 28 mins
A Thousand Splendid Suns,Khaled Hosseini,Length: 11 hrs and 43 mins
Antifragile,Nassim Nicholas Taleb,Length: 16 hrs and 14 mins
Down the Rabbit Hole,Holly Madison,Length: 10 hrs and 51 mins
Journey of Souls,Michael Newton,Length: 11 hrs and 18 mins
The New Jim Crow,Michelle Alexander,Length: 16 hrs and 57 mins
The Ramona Quimby Audio Collection,"Beverly Cleary,Tracy Dockray",Length: 18 hrs and 56 mins
Oh Crap! Potty Training,Jamie Glowacki,Length: 8 hrs and 4 mins
"Eat, Pray, Love",Elizabeth Gilbert,Length: 12 hrs and 49 mins
Contagious,Jonah Berger,Length: 6 hrs and 50 mins
The Da Vinci Code,Dan Brown,Length: 16 hrs and 59 mins
The Last Kingdom,Bernard Cornwell,Length: 13 hrs and 28 mins
Red Queen,Victoria Aveyard,Length: 12 hrs and 39 mins
Starship Troopers,Robert A. Heinlein,Length: 9 hrs and 52 mins
The Easy Way to Stop Smoking,Allen Carr,Length: 5 hrs and 59 mins
They Both Die at the End,Adam Silvera,Length: 8 hrs and 30 mins
Charlie and the Chocolate Factory,Roald Dahl,Length: 3 hrs and 18 mins
Trident,"Jason Redman,John Bruning",Length: 12 hrs and 22 mins
The Choice,Dr. Edith Eva Eger,Length: 12 hrs and 26 mins
The Wonderful Wizard of Oz,L. Frank Baum,Length: 3 hrs and 49 mins
Narrative of the Life of Frederick Douglass,Frederick Douglass,Length: 4 hrs and 12 mins
Gleam,Raven Kennedy,Length: 21 hrs and 1 min
Rabbit,"Patricia Williams,Jeannine Amber",Length: 7 hrs and 23 mins
Peter and the Starcatchers,"Dave Barry,Ridley Pearson",Length: 8 hrs and 40 mins
The Great Hunt,Robert Jordan,Length: 28 hrs and 23 mins
The Art of Seduction,Robert Greene,Length: 5 hrs and 9 mins
The Mysterious Benedict Society,"Trenton Lee Stewart,Carson Ellis - illustrator",Length: 13 hrs and 17 mins
The Black Girl's Guide to Financial Freedom,Paris Woods,Length: 5 hrs and 21 mins
Rookie Move,"Neve Wilder,Riley Hart",Length: 7 hrs and 53 mins
"Big, Bossy Trouble",Lilian Monroe,Length: 10 hrs and 25 mins
The Art of Herbal Healing,Ava Green,Length: 5 hrs and 1 min
The Rise and Fall of the Third Reich,William L. Shirer,Length: 57 hrs and 11 mins
Dark Class,Michelle Diener,Length: 13 hrs
Cross My Heart,Avery Maxwell,Length: 9 hrs and 48 mins
The Nurse’s Secret,Amanda Skenandore,Length: 10 hrs and 47 mins
Dark Whisper,Christine Feehan,Length: 11 hrs and 15 mins
Junkyard Ghost Ship,Jamie McFarlane,Length: 10 hrs and 47 mins
Why Zebras Don't Get Ulcers,Robert Sapolsky,Length: 17 hrs and 16 mins
Own Your Past Change Your Future,Dr. John Delony,Length: 6 hrs and 47 mins
Eversion,Alastair Reynolds,Length: 10 hrs and 3 mins
Psycho Shifters,Jasmine Mas,Length: 8 hrs and 57 mins
The Next Step,Valerios,Length: 14 hrs and 16 mins
Dragons of Deceit,"Margaret Weis,Tracy Hickman",Length: 12 hrs and 53 mins
The Omega Factor,Steve Berry,Length: 13 hrs and 38 mins
Fallen Mate,Jen L. Grey,Length: 8 hrs and 26 mins
The Coronation,Charles Eisenstein,Length: 5 hrs and 53 mins
Best Loser Wins,Tom Hougaard,Length: 6 hrs and 48 mins
"The Search for Hidden, Sacred Knowledge",Dolores Cannon,Length: 13 hrs and 6 mins
Love + Work,Marcus Buckingham,Length: 6 hrs and 43 mins
The Eternal Empire,"Torsten Weitze,Tim Casey - translator",Length: 19 hrs and 18 mins
Phil,Alan Shipnuck,Length: 8 hrs and 33 mins
The Golden Enclaves,Naomi Novik,Length: 12 hrs
Lakeview House,Helen Phifer,Length: 7 hrs and 40 mins
The Librarian Spy,Madeline Martin,Length: 10 hrs and 30 mins
Monroe Doctrine: Volume V,"James Rosone,Alex Aaronson",Length: 15 hrs and 49 mins
The Family Remains,Lisa Jewell,Length: 11 hrs and 14 mins
Unlikely Date,Samantha Christy,Length: 10 hrs and 2 mins
When Faith Meets Therapy,"Anthony Evans,Stacy Kaiser",Length: 6 hrs and 2 mins
Battling the Big Lie,Dan Pfeiffer,Length: 7 hrs and 33 mins
The Souls of Lost Lake,Jaime Jo Wright,Length: 13 hrs and 43 mins
A Botanist's Guide to Parties and Poisons,Kate Khavari,Length: 8 hrs and 12 mins
Beautiful Madness,Laken Cane,Length: 6 hrs and 9 mins
The Last Stand of Mary Good Crow,Rachel Aaron,Length: 13 hrs and 8 mins
The Everything Store,Brad Stone,Length: 13 hrs
Pre-Suasion,Robert B. Cialdini,Length: 9 hrs and 24 mins
Maidens of Kordon,Marcus Sloss,Length: 8 hrs and 35 mins
In the Shadow of Love,J. E. Leak,Length: 10 hrs and 56 mins
Leadership,Henry Kissinger,Length: 19 hrs and 9 mins
How Did You Survive Alone?,"Ki Brightly,M.D. Gregory",Length: 13 hrs and 33 mins
Sons of Valor II: Violence of Action,"Brian Andrews,Jeffrey Wilson",Length: 12 hrs and 34 mins
Life of the Party,Bert Kreischer,Length: 5 hrs and 35 mins
In Order to Live,Yeonmi Park,Length: 9 hrs and 37 mins
Lean In,Sheryl Sandberg,Length: 6 hrs and 27 mins
Practical Magic,Alice Hoffman,Length: 9 hrs and 12 mins
The Colony,Sally Denton,Length: 9 hrs and 21 mins
The Babysitter Lives,Stephen Graham Jones,Length: 7 hrs and 34 mins
The Cost of Control,Sharon Hodde Miller,Length: 6 hrs and 52 mins
The Man Without Qualities,Robert Musil,Length: 60 hrs and 30 mins
"Men Are from Mars, Women Are from Venus",John Gray,Length: 9 hrs and 28 mins
Germination,Seth Ring,Length: 12 hrs
Doing Good Better,William MacAskill,Length: 7 hrs and 2 mins
Tempted by Danger,Endiya Carter,Length: 12 hrs and 17 mins
Roll Red Roll,"Nancy Schwartzman,Nora Zelevansky",Length: 8 hrs and 20 mins
Elite Sales Strategies,Anthony Iannarino,Length: 6 hrs and 48 mins
Who Killed Jane Stanford?,Richard White,Length: 11 hrs and 28 mins
13 Hours,"Mitchell Zuckoff,Annex Security Team",Length: 7 hrs and 43 mins
The Cost of Discipleship,Dietrich Bonhoeffer,Length: 9 hrs
How Emotions Are Made,Lisa Feldman Barrett,Length: 14 hrs and 32 mins
The Master Key System Audiobook - All 28 Parts,Charles F. Haanel,Length: 8 hrs and 34 mins
I Am Legend,Richard Matheson,Length: 5 hrs and 20 mins
Me Before You,Jojo Moyes,Length: 14 hrs and 40 mins
The Communist Manifesto,Karl Marx,Length: 1 hr and 34 mins
Everybody Lies,"Seth Stephens-Davidowitz,Steven Pinker - foreword",Length: 7 hrs and 39 mins
Ringworld,Larry Niven,Length: 11 hrs and 15 mins
Bel Canto,Ann Patchett,Length: 11 hrs and 20 mins
Stealing Fire,"Steven Kotler,Jamie Wheal",Length: 8 hrs and 24 mins
Legend,Marie Lu,Length: 7 hrs and 48 mins
Red Mars,Kim Stanley Robinson,Length: 23 hrs and 51 mins
Sabriel,Garth Nix,Length: 10 hrs and 43 mins
The Proper Care and Feeding of Husbands,Dr. Laura Schlessinger,Length: 2 hrs and 21 mins
Simply Said,Jay Sullivan,Length: 5 hrs and 46 mins
The Tea Girl of Hummingbird Lane,Lisa See,Length: 14 hrs and 7 mins
The Wild Robot,Peter Brown,Length: 4 hrs and 14 mins
Long Way Down,Jason Reynolds,Length: 1 hr and 43 mins
If We Were Villains,M. L. Rio,Length: 12 hrs and 50 mins
Perfect Peace,Daniel Black,Length: 14 hrs and 30 mins
How to Raise an Adult,Julie Lythcott-Haims,Length: 12 hrs and 31 mins
The Wall of Winnipeg and Me,Mariana Zapata,Length: 16 hrs
The Four Tendencies,Gretchen Rubin,Length: 6 hrs and 37 mins
The Oxygen Advantage,Patrick McKeown,Length: 9 hrs and 1 min
The Passage,Justin Cronin,Length: 36 hrs and 49 mins
Destiny of the Republic,Candice Millard,Length: 9 hrs and 47 mins
"Tinker, Tailor, Soldier, Spy",John le Carré,Length: 12 hrs and 49 mins
Full Catastrophe Living,Jon Kabat-Zinn,Length: 5 hrs and 59 mins
Fried Green Tomatoes at the Whistle Stop Cafe,Fannie Flagg,Length: 11 hrs and 27 mins
The Sign of the Beaver,Elizabeth George Speare,Length: 3 hrs and 11 mins
The Forever War,Joe Haldeman,Length: 9 hrs and 18 mins
The Henry Huggins Audio Collection,"Beverly Cleary,Tracy Dockray",Length: 15 hrs and 26 mins
Built to Sell,John Warrillow,Length: 4 hrs and 24 mins
Father and I Were Ranchers,Ralph Moody,Length: 8 hrs and 10 mins
"The China Study, Revised and Expanded Edition","T. Colin Campbell PhD,Thomas M. Campbell II MD",Length: 18 hrs and 2 mins
Grain Brain,"David Perlmutter,Kristin Loberg",Length: 9 hrs and 18 mins
Promise of Blood,Brian McClellan,Length: 19 hrs and 1 min
The Art of Thinking Clearly,Rolf Dobelli,Length: 7 hrs and 49 mins
The Last Housewife,Ashley Winstead,Length: 12 hrs and 11 mins
Soul of Magic,Mark August,Length: 9 hrs and 52 mins
Stiff,Mary Roach,Length: 8 hrs
Love in the Time of Cholera,Gabriel García Márquez,Length: 15 hrs and 41 mins
The $100 Startup,Chris Guillebeau,Length: 8 hrs and 14 mins
A Land So Strange,Andres Resendez,Length: 7 hrs and 13 mins
"Don't Sweat the Small Stuff, and It's All Small Stuff",Richard Carlson,Length: 4 hrs
The Golem and the Jinni,Helene Wecker,Length: 19 hrs and 42 mins
Boys Adrift,Leonard Sax,Length: 8 hrs and 18 mins
A Distant Mirror,Barbara W. Tuchman,Length: 28 hrs and 38 mins
Lead Like Jesus Revisited,"Ken Blanchard,Phil Hodges",Length: 7 hrs and 4 mins
An Act of Foul Play,T E Kinsey,Length: 9 hrs
Different,Frans de Waal,Length: 12 hrs and 55 mins
Murder in the 33rd Degree,Charles Theodore Murr,Length: 5 hrs and 19 mins
Nazi Billionaires,David de Jong,Length: 11 hrs and 55 mins
The Secrets in Shadow and Blood,Lana Pecherczyk,Length: 10 hrs and 29 mins
The 21 Irrefutable Laws of Leadership: 25th Anniversary,John C. Maxwell,Length: 9 hrs and 32 mins
The Unknown Beloved,Amy Harmon,Length: 14 hrs and 55 mins
The Book Woman's Daughter,Kim Michele Richardson,Length: 10 hrs and 29 mins
Transformer,Nick Lane,Length: 10 hrs and 55 mins
Magus,Erik Schubach,Length: 6 hrs and 7 mins
A Clockwork Orange,Anthony Burgess,Length: 7 hrs and 44 mins
The Prince's Gambit,Christopher G. Nuttall,Length: 11 hrs and 39 mins
Strange New World,"Carl R. Trueman,Ryan T. Anderson - foreword",Length: 5 hrs and 14 mins
Cabal of Chaos,John Corwin,Length: 15 hrs and 16 mins
The Ex Between Us,Nicola Marsh,Length: 9 hrs and 31 mins
Deception,Patricia Bradley,Length: 10 hrs and 15 mins
Cherry on Top,Georgia Beers,Length: 9 hrs and 7 mins
Vagus Nerve Exercises to Rewire Your Brain,Susan Baxter,Length: 14 hrs and 52 mins
One of a Kind,Sandi Lynn,Length: 4 hrs and 59 mins
Strange Highways and Other Stories,Dean Koontz,Length: 22 hrs and 30 mins
Oath of Sacrifice,Jane Henry,Length: 7 hrs and 49 mins
Tooth & Paw,DM Gilmore,Length: 9 hrs and 55 mins
The Seven Husbands of Evelyn Hugo,Taylor Jenkins Reid,Length: 12 hrs and 10 mins
Prospect's Bible,John E. Bunch II The Black Dragon National President,Length: 5 hrs and 4 mins
Starry Messenger,Neil deGrasse Tyson,Length: 7 hrs and 17 mins
Running from the Wolves,Lola Glass,Length: 10 hrs and 42 mins
Bonded by Two,Evangeline Anderson,Length: 7 hrs and 24 mins
The Enemy Trap,Maren Moore,Length: 6 hrs and 20 mins
Black Mouth,Ronald Malfi,Length: 12 hrs and 13 mins
Skill,David Greene,Length: 13 hrs and 49 mins
These Twisted Bonds,Lexi Ryan,Length: 13 hrs and 35 mins
The Big Dark Sky,Dean Koontz,Length: 12 hrs and 11 mins
A Forest of Vanity and Valour,A.P Beswick,Length: 5 hrs and 56 mins
Putin,Philip Short,Length: 29 hrs and 33 mins
"You, Happier",Daniel Amen,Length: 10 hrs and 23 mins
One Flew Over the Cuckoo's Nest,"Ken Kesey,Robert Faggen - introduction",Length: 10 hrs and 32 mins
Great Expectations,Charles Dickens,Length: 18 hrs and 32 mins
The Omnivore's Dilemma,Michael Pollan,Length: 15 hrs and 53 mins
The Unseen Realm,Dr. Michael S. Heiser,Length: 15 hrs and 43 mins
Death of a Hollow Man,Caroline Graham,Length: 11 hrs and 10 mins
Remnants on the Tides of Time,Trinity Dunn,Length: 19 hrs and 47 mins
Living Untethered,Michael A. Singer,Length: 5 hrs and 32 mins
Unbroken,Laura Hillenbrand,Length: 13 hrs and 56 mins
Torment,Jeremy Robinson,Length: 9 hrs and 59 mins
The One and Only Ivan,"Katherine Applegate,Patricia Castelao",Length: 3 hrs and 46 mins
The Blacksmith's Son,Michael G. Manning,Length: 7 hrs and 24 mins
We’ll Always Have Summer,Jenny Han,Length: 6 hrs and 3 mins
A Lady for a Duke,Alexis Hall,Length: 15 hrs and 26 mins
Manhattan Cult Story,Spencer Schneider,Length: 8 hrs and 1 min
Meant to Be,Emily Giffin,Length: 11 hrs and 31 mins
No Bad Parts,"Richard C. Schwartz PhD,Alanis Morissette - foreword introduction",Length: 8 hrs and 10 mins
How the World Really Works,Vaclav Smil,Length: 10 hrs and 7 mins
Nightcrawling,Leila Mottley,Length: 10 hrs and 48 mins
Were-Geeks Save Wisconsin,Kathy Lyons,Length: 9 hrs and 41 mins
Their Property,Crystal Ash,Length: 14 hrs and 18 mins
Portrait of an Unknown Woman,Daniel Silva,Length: 10 hrs and 16 mins
World War Z: The Complete Edition,Max Brooks,Length: 12 hrs and 9 mins
Jesus Through the Eyes of Women,Rebecca McLaughlin,Length: 4 hrs and 16 mins
20th Century Ghosts,Joe Hill,Length: 12 hrs and 10 mins
Building a StoryBrand,Donald Miller,Length: 4 hrs and 56 mins
The Monk Who Sold His Ferrari,Robin Sharma,Length: 6 hrs and 34 mins
Siege and Storm,Leigh Bardugo,Length: 11 hrs and 49 mins
How Not to Die,"Michael Greger MD,Gene Stone",Length: 17 hrs and 9 mins
Radical Acceptance,Tara Brach,Length: 12 hrs and 15 mins
Fanatical Prospecting,Jeb Blount,Length: 8 hrs and 21 mins
The Devil's Highway,Luis Alberto Urrea,Length: 8 hrs and 53 mins
Grant,Ron Chernow,Length: 48 hrs and 2 mins
Wild at Heart,John Eldredge,Length: 8 hrs and 20 mins
Lone Survivor,"Marcus Luttrell,Patrick Robinson",Length: 14 hrs and 17 mins
Trump: The Art of the Deal,"Donald J. Trump,Tony Schwartz",Length: 9 hrs and 59 mins
The Road Back to You,"Ian Morgan Cron,Suzanne Stabile",Length: 9 hrs and 17 mins
A Return to Love,Marianne Williamson,Length: 2 hrs and 40 mins
Benjamin Franklin: An American Life,Walter Isaacson,Length: 24 hrs and 40 mins
The Meaning of Marriage,Timothy Keller,Length: 8 hrs and 15 mins
The Kybalion,The Three Intiates,Length: 4 hrs and 6 mins
The State of Affairs,Esther Perel,Length: 11 hrs and 57 mins
Feeling Good,David D. Burns MD,Length: 13 hrs and 20 mins
The Color of Law,Richard Rothstein,Length: 9 hrs and 32 mins
Psychopath Free: Expanded Edition,Jackson MacKenzie,Length: 7 hrs and 57 mins
Start with Why,Simon Sinek,Length: 7 hrs and 18 mins
The Secret,Rhonda Byrne,Length: 4 hrs and 24 mins
The Magicians,Lev Grossman,Length: 17 hrs and 24 mins
Stillhouse Lake,Rachel Caine,Length: 10 hrs and 4 mins
Blood and Thunder,Hampton Sides,Length: 20 hrs and 56 mins
Market Wizards,"Jack D. Schwager,Bruce Kovner,Richard Dennis,Paul Tudor Jones,Michael Steinhardt,Ed Seykota,Marty Schwartz,Tom Baldwin",Length: 14 hrs and 41 mins
A New Way to Think,Roger L. Martin,Length: 7 hrs and 58 mins
"Healthy Heart, Healthy Brain","Bradley Bale MD,Amy Doneen DNP,Lisa Collier Cool - contributor",Length: 11 hrs and 57 mins
The Last Resort,Sarah Stodola,Length: 11 hrs and 50 mins
The Resort,Sue Watson,Length: 8 hrs and 52 mins
Desert Star,Michael Connelly,Length: Not Yet Known
The Obstacle Is the Way,Ryan Holiday,Length: 6 hrs and 7 mins
When He's Ruthless,Suzanne Wright,Length: 11 hrs
Westward,JD Kirk,Length: 10 hrs and 48 mins
Confidence Man,Maggie Haberman,Length: Not Yet Known
Coached Red-Handed,Victoria Laurie,Length: 8 hrs and 6 mins
Star Wars: Padawan,Kiersten White,Length: 7 hrs and 26 mins
The Virgin Next Door,Lauren Blakely,Length: 6 hrs and 11 mins
Old Country,"Matt Query,Harrison Query",Length: 12 hrs and 44 mins
The Crux,Richard P. Rumelt,Length: 10 hrs and 53 mins
Cleopatra and Frankenstein,Coco Mellors,Length: 14 hrs and 31 mins
Allow Me to Retort,Elie Mystal,Length: 8 hrs and 37 mins
Every Summer After,Carley Fortune,Length: 9 hrs and 38 mins
Moody,Penelope Ward,Length: 8 hrs and 3 mins
Motivational Interviewing 101,"Sarah Rosenberg,Scientia Media Group",Length: 11 hrs and 4 mins
Temporary Partner,Nicky James,Length: 10 hrs and 15 mins
Bark to the Future,Spencer Quinn,Length: 9 hrs and 13 mins
Monster Girl Safari 2,Roland Carlsson,Length: 6 hrs and 41 mins
Building Microservices,Sam Newman,Length: 21 hrs and 12 mins
When the Moon Turns to Blood,Leah Sottile,Length: 10 hrs and 38 mins
The Men We Need,Brant Hansen,Length: 5 hrs and 3 mins
In Every Mirror She’s Black,Lolá Ákínmádé Åkerström,Length: 12 hrs and 12 mins
The Asset,Saul Herzog,Length: 12 hrs and 39 mins
Silent Invasion,Deborah Birx,Length: 22 hrs and 3 mins
Trust Your Vibes (Revised Edition),Sonia Choquette,Length: 12 hrs and 35 mins
The Lying Club,Annie Ward,Length: 10 hrs and 38 mins
Half-Blown Rose,Leesa Cross-Smith,Length: 12 hrs and 21 mins
No Plan B,"Lee Child,Andrew Child",Length: Not Yet Known
The Broken Room,Peter Clines,Length: 10 hrs and 50 mins
Blue Dawn,Blaine L. Pardoe,Length: 13 hrs and 33 mins
Lt. Reilly - Bundle: 5 Book Series,Matthew O. Duncan,Length: 36 hrs and 43 mins
The 2-Hour Cocktail Party,Nick Gray,Length: 3 hrs and 57 mins
"Run, Rose, Run","James Patterson,Dolly Parton",Length: 10 hrs and 19 mins
Domestic Decay 6,Anya Merchant,Length: 8 hrs and 11 mins
The Rise and Fall of the Neoliberal Order,Gary Gerstle,Length: 13 hrs and 21 mins
Hidden Pictures,Jason Rekulak,Length: 9 hrs and 29 mins
"Bringing Up Baby in Hell, or What's the Matter?",Mark Cain,Length: 3 hrs and 53 mins
Do Hard Things,Steve Magness,Length: 8 hrs and 53 mins
Horse,Geraldine Brooks,Length: 14 hrs and 6 mins
The Best Is Yet to Come,Debbie Macomber,Length: 7 hrs and 18 mins
Napoleon Hill's Outwitting the Devil,"Napoleon Hill,Sharon L. Lechter - editor",Length: 5 hrs and 51 mins
And Then There Were None,Agatha Christie,Length: 6 hrs and 1 min
Stories I Only Tell My Friends,Rob Lowe,Length: 9 hrs and 10 mins
Redeeming Love,Francine Rivers,Length: 17 hrs and 17 mins
The Operator,Robert O'Neill,Length: 9 hrs and 42 mins
Last Train to Memphis,Peter Guralnick,Length: 22 hrs and 33 mins
Game Wizards,Jon Peterson,Length: 13 hrs and 38 mins
Persians,Lloyd Llewellyn-Jones,Length: 18 hrs and 42 mins
The Black Prism,Brent Weeks,Length: 21 hrs and 26 mins
Cursed by Love,Leia Stone,Length: 6 hrs and 44 mins
A Haunted Road Atlas,"Christine Schiefer,Em Schulz",Length: 6 hrs and 45 mins
Tower Apocalypse,"Cassius Lange,Ryan Tang",Length: 17 hrs and 22 mins
Dark Psychology and Gaslighting Manipulation,William Green,Length: 20 hrs and 11 mins
Overcoming Anticipatory Anxiety,"Sally M. Winston PsyD,Martin N. Seif PhD",Length: 6 hrs and 2 mins
Normal Family,Chrysta Bilton,Length: 9 hrs and 2 mins
Discretion,Glynn Stewart,Length: 7 hrs and 53 mins
Thrive,Shain Rose,Length: 9 hrs and 8 mins
Adventures on Brad Books 7-9,Tao Wong,Length: 14 hrs and 55 mins
Gage,Sawyer Bennett,Length: 7 hrs and 28 mins
Silva Mind Control Method,"Jose Silva,Philip Miele",Length: 5 hrs and 56 mins
Rise to Omniscience Books 1-5: Pinnacle Kings Arc,Aaron Oster,Length: 65 hrs and 1 min
This Time Tomorrow,Emma Straub,Length: 8 hrs and 31 mins
Mean Baby,Selma Blair,Length: 9 hrs and 43 mins
The Book of Five Rings,"Miyamoto Musashi,William Scott Wilson - translator",Length: 2 hrs and 41 mins
Never Never,Serena Valentino,Length: 4 hrs and 55 mins
Mana Harvest 2,"James Falcon,Wolfe Locke",Length: 6 hrs and 53 mins
The Mindbody Prescription,John E. Sarno M.D.,Length: 7 hrs and 4 mins
Something Wicked This Way Comes,Ray Bradbury,Length: 9 hrs and 5 mins
The Confidence Code,"Katty Kay,Claire Shipman",Length: 6 hrs and 45 mins
Financial Intelligence,"Karen Berman,Joe Knight",Length: 7 hrs and 20 mins
Contact,Carl Sagan,Length: 14 hrs and 45 mins
Hawaii,"James A. Michener,Steve Berry - introduction",Length: 51 hrs and 56 mins
Story,Robert McKee,Length: 6 hrs and 12 mins
Anne of Windy Poplars,L. M. Montgomery,Length: 8 hrs and 57 mins
The Color of Water,James McBride,Length: 8 hrs and 46 mins
The House of the Spirits,Isabel Allende,Length: 18 hrs and 51 mins
Peak,"Robert Pool,Anders Ericsson",Length: 10 hrs
The Shadow of the Torturer,Gene Wolfe,Length: 12 hrs and 7 mins
The Highlander's Promise,Mary Wine,Length: 5 hrs and 47 mins
Not in It to Win It,Andy Stanley,Length: 5 hrs and 11 mins
Beyond What Is Given,Rebecca Yarros,Length: 13 hrs and 13 mins
The Rise of Superman,Steven Kotler,Length: 9 hrs and 23 mins
"The Lost Art of Listening, Second Edition",Michael P. Nichols PhD,Length: 11 hrs and 33 mins
Positive Intelligence,Shirzad Chamine,Length: 8 hrs and 46 mins
Economics in One Lesson,Henry Hazlitt,Length: 6 hrs and 55 mins
The Book of Joe,"Jason Anspach,Nick Cole",Length: 10 hrs and 53 mins
The Name of the Wind,Patrick Rothfuss,Length: 27 hrs and 55 mins
SuperLife,Darin Olien,Length: 7 hrs and 29 mins
Seven Pillars of Wisdom,T. E. Lawrence,Length: 25 hrs and 20 mins
The Gift of Fear,Gavin de Becker,Length: 12 hrs and 50 mins
Master Creator Destroyer Slave: The Four Steps to Freedom,Christopher Canwell,Length: 3 hrs and 24 mins
I Married a Minotaur,Regine Abel,Length: 7 hrs and 45 mins
Reverie,Shain Rose,Length: 8 hrs and 44 mins
River of the Gods,Candice Millard,Length: 10 hrs and 2 mins
Also a Poet,Ada Calhoun,Length: 6 hrs and 33 mins
Last Contact,Samuel Best,Length: 8 hrs and 3 mins
Thirteen Past Midnight,Stephen B. King,Length: 2 hrs and 6 mins
More Than Two,"Franklin Veaux,Eve Rickert,Jessica Fern,Janet Hardy",Length: 15 hrs and 47 mins
The Cabin in the Woods,Sarah Alderson,Length: 8 hrs and 5 mins
The Resurrection of Wildflowers,Micalea Smeltzer,Length: 9 hrs and 22 mins
Iced,Felix Francis,Length: 10 hrs and 9 mins
The Sales Acceleration Formula,Mark Roberge,Length: 6 hrs and 24 mins
On Writing,Stephen King,Length: 9 hrs and 7 mins
Amplify Your Influence,Rene Rodriguez,Length: 6 hrs and 18 mins
The World's Worst Assistant,"Sona Movsesian,Conan O'Brien - foreword",Length: 5 hrs and 25 mins
An Immense World,Ed Yong,Length: 14 hrs and 17 mins
Secret Pandemic,Simone Heng,Length: 4 hrs and 12 mins
Love Me Again,Max Walker,Length: 6 hrs and 40 mins
Here Lies North,Ava Harrison,Length: 8 hrs and 47 mins
"Spies, Lies, and Algorithms",Amy B. Zegart,Length: 11 hrs and 54 mins
Over the Edge of the World,Laurence Bergreen,Length: 6 hrs and 13 mins
The Guilty Girl,Patricia Gibney,Length: 14 hrs and 38 mins
Biomancer 2,Shemer Kuznits,Length: 13 hrs and 19 mins
Compassionate Leadership,"Rasmus Hougaard,Jacqueline Carter,Marissa Afton,Moses Mohan",Length: 6 hrs and 59 mins
Have It All,Kris Krohn,Length: 7 hrs and 4 mins
When It Falls Apart,Catherine Bybee,Length: 9 hrs and 38 mins
"The Silencer Series Box Set, Books 9-12",Mike Ryan,Length: 21 hrs and 16 mins
Little Women,Louisa May Alcott,Length: 19 hrs and 37 mins
Unlock Your Macro Type,Christine Hronec,Length: 6 hrs and 17 mins
We Don't Know Ourselves,Fintan O'Toole,Length: 22 hrs and 11 mins
Untainted,Lilian T. James,Length: 8 hrs and 26 mins
Let's Catch Up Soon,Sarah Cooper,Length: 6 hrs and 5 mins
21st Century Monetary Policy,Ben S. Bernanke,Length: 16 hrs and 4 mins
War and Remembrance,Herman Wouk,Length: 56 hrs and 3 mins
7 Rules to 7 Figures,Peter Voogd,Length: 6 hrs and 26 mins
Finding Grace,Maren Cooper,Length: 9 hrs and 29 mins
Why Buddhism Is True,Robert Wright,Length: 10 hrs and 29 mins
The Lies I Told,Mary Burton,Length: 10 hrs and 56 mins
My Evil Mother,Margaret Atwood,Length: 57 mins
Peter the Great,Robert K. Massie,Length: 43 hrs and 38 mins
Chosen Soldier,Dick Couch,Length: 14 hrs and 59 mins
Thank You for Being Late,Thomas L. Friedman,Length: 19 hrs and 47 mins
The Beach,Alex Garland,Length: 11 hrs and 15 mins
The Storm Before the Storm,Mike Duncan,Length: 10 hrs and 13 mins
The Honeys,Ryan La Sala,Length: 10 hrs and 38 mins
Armored,Mark Greaney,Length: 16 hrs and 45 mins
The Boss Project,Vi Keeland,Length: 9 hrs and 4 mins
Crossfire,Lynette Eason,Length: 8 hrs and 20 mins
The Mind of a Bee,Lars Chittka,Length: 7 hrs and 55 mins
Sunshine and Sammy,Melanie Moreland,Length: 7 hrs and 23 mins
Eldest,Christopher Paolini,Length: 23 hrs and 30 mins
And There He Kept Her,Joshua Moehling,Length: 9 hrs and 28 mins
The Secret Life of Albert Entwistle,Matt Cain,Length: 10 hrs and 49 mins
Gangsters vs. Nazis,Michael Benson,Length: 8 hrs and 53 mins
Locked Up Liars,Elle Thorpe,Length: 8 hrs and 41 mins
The Apple Creek Announcement,Wanda E. Brunstetter,Length: 10 hrs and 40 mins
Beyond the Blue,TJ O'Shea,Length: 10 hrs and 16 mins
Fire Heart,Emma Hamm,Length: 10 hrs and 26 mins
A Sacred Oath,Mark T. Esper,Length: 20 hrs and 56 mins
How to Win Friends & Influence People,Dale Carnegie,Length: 7 hrs and 15 mins
The Four Agreements,don Miguel Ruiz,Length: 2 hrs and 31 mins
A Gentleman in Moscow,Amor Towles,Length: 17 hrs and 52 mins
The Deadly Shallows,Dani Pettrey,Length: 11 hrs and 2 mins
A Light in the Flame,Jennifer L. Armentrout,Length: 24 hrs
The Song in My Heart,Tracey Richardson,Length: 10 hrs and 23 mins
The Sound of Gravel,Ruth Wariner,Length: 9 hrs and 4 mins
Red Rising,Pierce Brown,Length: 16 hrs and 12 mins
Leonardo da Vinci,Walter Isaacson,Length: 17 hrs and 1 min
The Girl Who Loved Tom Gordon,Stephen King,Length: 6 hrs and 29 mins
The Gangster's Guide to Sobriety,"Richie Stephens,John Altschuler,Dave Krinsky",Length: 4 hrs and 29 mins
Selling the Price Increase,Jeb Blount,Length: 6 hrs and 55 mins
Tiny Souls,Phoenix Grey,Length: 10 hrs and 24 mins
The Serial Killer’s Daughter,Alice Hunter,Length: 9 hrs and 24 mins
A Bride's Guide to Marriage and Murder,Dianne Freeman,Length: 8 hrs and 48 mins
The Motorcycle Diaries,"Ernesto Che Guevara,Aleida Guevara - foreword",Length: 5 hrs and 28 mins
Uncharted,S. D. Perry,Length: 8 hrs and 24 mins
An Elephant in the Garden,Michael Morpurgo,Length: 4 hrs and 18 mins
Leading the Unleadable,Alan Willett,Length: 5 hrs and 51 mins
The Real Diana,Lady Colin Campbell,Length: 15 hrs and 50 mins
The Mothers and Daughters of the Bible Speak,Shannon Bream,Length: 7 hrs and 18 mins
Lords of Finance,Liaquat Ahamed,Length: 18 hrs and 32 mins
Strange the Dreamer,Laini Taylor,Length: 18 hrs and 20 mins
War Against All Puerto Ricans,Nelson A. Denis,Length: 9 hrs and 9 mins
To Love Jason Thorn,Ella Maise,Length: 11 hrs and 20 mins
Priestdaddy,Patricia Lockwood,Length: 10 hrs and 12 mins
Illusion Lake,Sheryl Wright,Length: 10 hrs and 13 mins
Jerusalem,Alan Moore,Length: 60 hrs and 42 mins
Seven Years in Tibet,"Heinrich Harrer,Richard Graves",Length: 11 hrs and 38 mins
The Nightingale,Kristin Hannah,Length: 17 hrs and 19 mins
Screw,Lilly Atlas,Length: 13 hrs and 39 mins
Red Dragon,Thomas Harris,Length: 12 hrs and 6 mins
Ghost,Jason Reynolds,Length: 3 hrs and 29 mins
How Not to Hate Your Husband After Kids,Jancee Dunn,Length: 7 hrs and 37 mins
The Beechwood Harbor Magic Mysteries Boxed Set: Books 10-12,Danielle Garrett,Length: 16 hrs and 25 mins
It Ends with Us,Colleen Hoover,Length: 11 hrs and 11 mins
Goodnight,Kelly Fox,Length: 8 hrs and 32 mins
Make Your Bed,William H. McRaven,Length: 1 hr and 53 mins
The Book Thief,Markus Zusak,Length: 13 hrs and 56 mins
Hex,Thomas Olde Heuvelt,Length: 14 hrs and 21 mins
The Mothers,Brit Bennett,Length: 9 hrs and 55 mins
Relentless Strike,Sean Naylor,Length: 19 hrs and 18 mins
Tender Is the Night,F. Scott Fitzgerald,Length: 12 hrs and 36 mins
"Grasping God's Word, Fourth Edition","J. Scott Duvall,J. Daniel Hays",Length: 20 hrs and 14 mins
The Age of the Strongman,Gideon Rachman,Length: 9 hrs and 39 mins
The Tale of Despereaux,Kate DiCamillo,Length: 3 hrs and 30 mins
Angela's Ashes,"Frank McCourt,Jeannette Walls - introduction",Length: 15 hrs and 8 mins
Million Dollar Identity,"Jamie Wolf,Myron Golden,Victoria Kennedy,Dan Ashburn,Eric Beer,Angela Little",Length: 6 hrs and 28 mins
Buddha's Brain,"Rick Hanson,Richard Mendius MD",Length: 6 hrs and 58 mins
The Upward Spiral,Alex Korb PhD.,Length: 5 hrs and 34 mins
"Quotes, Ruminations & Contemplations - Volume II",Corey Wayne,Length: 13 hrs and 48 mins
Gleanings,Neal Shusterman,Length: 11 hrs
Lighter,Yung Pueblo,Length: 8 hrs
A New Earth,Eckhart Tolle,Length: 9 hrs and 12 mins
The Last Unicorn,"Peter S. Beagle,Patrick Rothfuss",Length: 8 hrs and 9 mins
The Fifth Act,Elliot Ackerman,Length: 6 hrs and 16 mins
The Club,Ellery Lloyd,Length: 9 hrs and 22 mins
By the Book,Jasmine Guillory,Length: 9 hrs and 42 mins
Dirty Wicked Prince,Eden O'Neill,Length: 8 hrs and 51 mins
The Great Quest,Os Guinness,Length: 4 hrs and 51 mins
Ashton Scott,Nina Levine,Length: 12 hrs and 3 mins
The Psychedelic Explorer's Guide,James Fadiman PhD,Length: 11 hrs and 35 mins
Grace Under Fire,Julie Garwood,Length: 13 hrs and 19 mins
The Kaiju Preservation Society,John Scalzi,Length: 8 hrs and 2 mins
Run Time,Catherine Ryan Howard,Length: 11 hrs and 2 mins
You Owe You,"Eric Thomas,Chris Paul",Length: 8 hrs
Dark Whispers from the Past,I. T. Lucas,Length: 8 hrs and 30 mins
La inteligencia emocional [Emotional Inteligence],Daniel Goleman,Length: 15 hrs and 6 mins
When He's Sinful,Suzanne Wright,Length: 11 hrs and 48 mins
Juniper Hill,Devney Perry,Length: 8 hrs and 20 mins
Business Is Personal,Bethenny Frankel,Length: 6 hrs and 59 mins
Scarred,Emily McIntire,Length: 10 hrs and 38 mins
Vicious,V. E. Schwab,Length: 9 hrs and 23 mins
ADHD Raising Emotionally Intelligent Kids,Alicia Miller,Length: 29 hrs and 2 mins
Unwanted,Marley Valentine,Length: 5 hrs and 32 mins
The Anatomy of Peace (Fourth Edition),The Arbinger Institute,Length: 7 hrs and 39 mins
With Grimm Resolve,Jeffery H. Haskell,Length: 11 hrs and 53 mins
Gastric Band Hypnosis for Rapid Weight Loss,Mia Rowse,Length: 10 hrs and 48 mins
A Perfect Neighborhood,Liz Alterman,Length: 10 hrs and 29 mins
Global Reset,"Mark Hitchcock,Jeff Kinley",Length: 5 hrs and 4 mins
Inevitable,Shain Rose,Length: 13 hrs and 33 mins
What If Love Is the Point?,"Carlos PenaVega,Alexa PenaVega",Length: 4 hrs and 58 mins
The Right,Matthew Continetti,Length: 14 hrs and 5 mins
Not One Inch,M.E. Sarotte,Length: 15 hrs and 54 mins
The Twice-Dead King: Reign,Nate Crowley,Length: 12 hrs and 3 mins
And a Bottle of Rum,Wayne Curtis,Length: 10 hrs and 7 mins
Uplink Squadron,"J.N. Chaney,Chris Kennedy",Length: 11 hrs and 16 mins
A Forest of Stars,Linsey Hall,Length: 6 hrs and 34 mins
The Shining Girls,Lauren Beukes,Length: 10 hrs and 33 mins
Competing Against Luck,"Clayton M. Christensen,Taddy Hall",Length: 7 hrs and 25 mins
Lucifer's Hammer,"Larry Niven,Jerry Pournelle",Length: 24 hrs and 32 mins
The Swerve,Stephen Greenblatt,Length: 9 hrs and 41 mins
The Devil All the Time,Donald Ray Pollock,Length: 9 hrs and 10 mins
The History of White People,Nell Irvin Painter,Length: 14 hrs and 9 mins
Murder at the Dressmaker's Salon,C.J. Archer,Length: 8 hrs and 26 mins
Rebels at Sea,Eric Jay Dolin,Length: 8 hrs and 41 mins
Happy & Strong,Jaime Villalovos,Length: 6 hrs and 50 mins
Helter Skelter,"Vincent Bugliosi,Curt Gentry",Length: 26 hrs and 29 mins
Total Recall,Arnold Schwarzenegger,Length: 23 hrs and 21 mins
Life 3.0,Max Tegmark,Length: 13 hrs and 29 mins
The Mists of Avalon,Marion Zimmer Bradley,Length: 50 hrs and 53 mins
The Princess Bride,William Goldman,Length: 2 hrs and 32 mins
The Love Dare,"Stephen Kendrick,Alex Kendrick",Length: 5 hrs and 48 mins
Salt to the Sea,Ruta Sepetys,Length: 8 hrs and 47 mins
La cabeza de mi padre [My Father’s Head],Alma Delia Murillo,Length: 5 hrs and 55 mins
Real Love,Sharon Salzberg,Length: 9 hrs and 25 mins
Heat Wave,TJ Klune,Length: 12 hrs and 49 mins
Anthem,Ayn Rand,Length: 2 hrs and 16 mins
Rickey,Howard Bryant,Length: 18 hrs and 37 mins
Ripped Lace,Nicole Fox,Length: 11 hrs and 31 mins
The Twice-Scorned Lady of Shadow,Annette Marie,Length: 7 hrs and 37 mins
Deep Impact,Kelly Fox,Length: 6 hrs and 7 mins
On Critical Race Theory,Victor Ray,Length: 4 hrs and 25 mins
Kingdom of the Feared,Kerri Maniscalco,Length: 12 hrs
The Scourge Series: The Complete Trilogy,Tom Abrahams,Length: 27 hrs and 5 mins
Thunderstrike & Other Stories,"Richard Strachan,Eric Gregory,David Guymer,Gav Thorpe,C L Werner,Darius Hinks,Robert Rath,Dale Lucas,Jamie Crisalli,Anna Stephens,David Annandale,Michael R Fletcher,Dave Gross,Ben Counter",Length: 21 hrs and 28 mins
If We Break,Kathleen Buhle,Length: 9 hrs and 46 mins
Coyote,J. M. Nelson,Length: 11 hrs and 2 mins
Think and Grow Rich,Napoleon Hill,Length: 9 hrs and 35 mins
"Boundaries, Updated and Expanded Edition","John Townsend,Henry Cloud",Length: 11 hrs and 18 mins
Mafia Mistress,Mila Finelli,Length: 10 hrs and 52 mins
The Hedge Wizard,Alex Maher,Length: 14 hrs and 21 mins
Brain over Binge,Kathryn Hansen,Length: 9 hrs and 59 mins
Hearts Touched with Fire,David Gergen,Length: 9 hrs and 54 mins
Roma soy yo [Rome Is Me],Santiago Posteguillo,Length: 22 hrs and 13 mins
Traced: Human DNA's Big Surprise,Nathaniel T. Jeanson,Length: 7 hrs and 5 mins
The Winners,Fredrik Backman,Length: 23 hrs and 30 mins
Jake's Magical Market,J.R. Mathews,Length: 20 hrs and 41 mins
Be Your Future Self Now,Dr. Benjamin Hardy,Length: 4 hrs and 2 mins
Don't Believe Everything You Think,Joseph Nguyen,Length: 2 hrs and 16 mins
The Crusades,Thomas Asbridge,Length: 25 hrs and 32 mins
The Rising Sun,John Toland,Length: 41 hrs and 9 mins
Phantom Deadfall,"Christopher Hopper,J.N. Chaney",Length: 10 hrs and 29 mins
Emma y las otras señoras del narco [Emma and the Other Narco Ladies],Anabel Hernandez,Length: 8 hrs and 56 mins
The High Sierra,Kim Stanley Robinson,Length: 16 hrs and 30 mins
Under the Skin,Linda Villarosa,Length: 10 hrs and 4 mins
La historia que te cuentas [The Story You Tell Yourself],Paola Herrera,Length: 6 hrs and 49 mins
Manhunt,Gretchen Felker-Martin,Length: 10 hrs and 37 mins
Stolen Focus,Johann Hari,Length: 10 hrs and 13 mins
Nature Wants Us to Be Fat,Richard J. Johnson MD,Length: 9 hrs and 24 mins
Mind Gym,"Gary Mack,David Casstevens",Length: 5 hrs and 27 mins
Born to Be Hanged,Keith Thomson,Length: 9 hrs and 41 mins
Faithfully Different,Natasha Crain,Length: 7 hrs and 12 mins
The Night Whispers,Caroline Mitchell,Length: 8 hrs and 28 mins
A Spanish Sunrise,Boo Walker,Length: 11 hrs and 54 mins
It All Comes Down to This,Therese Anne Fowler,Length: 11 hrs and 37 mins
The Liar's Knot,M. A. Carrick,Length: 23 hrs and 13 mins
Relentless Pursuit,J.T. Baier,Length: 7 hrs and 51 mins
Remarkably Bright Creatures,Shelby Van Pelt,Length: 11 hrs and 16 mins
Force,Cassandra Robbins,Length: 10 hrs and 27 mins
All the Light We Cannot See,Anthony Doerr,Length: 16 hrs and 2 mins
Eat for Energy,"Ari Whitten,Alex Leaf MS",Length: 7 hrs and 27 mins
The Next Ship Home,Heather Webb,Length: 13 hrs and 54 mins
Invisible Storm,Jason Kander,Length: 6 hrs and 47 mins
The Last Lie Told,Debra Webb,Length: 9 hrs and 25 mins
Promises and Pomegranates,Sav R. Miller,Length: 10 hrs and 22 mins
The German Wife,Kelly Rimmer,Length: 13 hrs and 49 mins
A Short History of Nearly Everything,Bill Bryson,Length: 18 hrs and 13 mins
Leviathan Wakes,James S. A. Corey,Length: 20 hrs and 56 mins
The Liching Hour,Rick Gualtieri,Length: 14 hrs and 9 mins
Battlefield of the Mind,Joyce Meyer,Length: 6 hrs and 37 mins
Those Across the River,Christopher Buehlman,Length: 9 hrs and 6 mins
A Room of One's Own,Virginia Woolf,Length: 5 hrs and 1 min
"Calmer, Easier, Happier Boys",Noël Janis-Norton,Length: 12 hrs and 24 mins
Cold Sassy Tree,Olive Ann Burns,Length: 13 hrs and 6 mins
The Now Habit,Neil Fiore Ph.D.,Length: 7 hrs and 29 mins
Terminal Peace,Jim C. Hines,Length: 13 hrs and 16 mins
Out of the Corner,Jennifer Grey,Length: 11 hrs and 19 mins
For You When I Am Gone,Steve Leder,Length: 5 hrs and 2 mins
Coming Up for Air,Tom Daley,Length: 6 hrs and 45 mins
A Single Revolution,Shani Silver,Length: 7 hrs and 24 mins
Do What You Believe,Steve Deace,Length: 2 hrs and 54 mins
Where Is My Flying Car?,J. Storrs Hall,Length: 14 hrs and 1 min
The Temperature of Me and You,Brian Zepka,Length: 11 hrs and 30 mins
Radical Healership,Laura Mae Northrup,Length: 6 hrs and 16 mins
The Secrets of Character,Matt Bird,Length: 8 hrs and 17 mins
You Can Negotiate Anything: How to Get What You Want,Herb Cohen,Length: 7 hrs and 5 mins
Beqoming,"Azrya Bequer,Benjamin Bequer",Length: 12 hrs and 12 mins
Rezoom,"Susan Peirce Thompson PhD,Everett Considine",Length: 9 hrs and 58 mins
It Was All a Dream,Justin Tinsley,Length: 12 hrs and 32 mins
The One Impossible Labyrinth,Matthew Reilly,Length: 10 hrs and 42 mins
Lord of Light,Roger Zelazny,Length: 11 hrs and 30 mins
Mirth & Mayhem Mission Pack 2: Missions 5-8,J.S. Morin,Length: 24 hrs and 11 mins
Third Apocalypse: Volume 1,"Wolfe Locke,Mike Caliban",Length: 10 hrs and 22 mins
Song of the Fae,Tricia O'Malley,Length: 7 hrs and 54 mins
The 10X Mentor,Grant Cardone,Length: 11 hrs and 37 mins
The Sandman: Act II,"Neil Gaiman,Dirk Maggs",Length: 13 hrs and 47 mins
American Cartel,"Scott Higham,Sari Horwitz",Length: 11 hrs and 10 mins
The Sellout,Paul Beatty,Length: 9 hrs and 35 mins
Forged in Steele,Susan Sleeman,Length: 10 hrs and 6 mins
Savage Prince,Sophie Winters,Length: 9 hrs and 46 mins
You Are More Than You Think You Are,Kimberly Snyder,Length: 6 hrs and 39 mins
Last Summer Boys,Bill Rivers,Length: 9 hrs and 17 mins
How Not to Murder Your ADHD Kid,Sarah Templeton,Length: 4 hrs and 36 mins
Heartbreak,Florence Williams,Length: 10 hrs and 37 mins
American Kingpin,Nick Bilton,Length: 12 hrs and 14 mins
Death at the Manor,Katharine Schellman,Length: 9 hrs and 59 mins
Accords,"Dennis Vanderkerken,Dakota Krout",Length: 13 hrs and 43 mins
Wrong Place Wrong Time,Gillian McAllister,Length: 10 hrs and 7 mins
The King's Signet Ring,"Chuck D. Pierce,Alemu Beeftu,Dutch Sheets - foreword",Length: 6 hrs and 14 mins
Murder at Home,Faith Martin,Length: 6 hrs and 53 mins
Raise Your Vibration (New Edition),Kyle Gray,Length: 4 hrs and 49 mins
Tongue Eater,John Bierce,Length: 20 hrs and 2 mins
Secondhand Time,"Svetlana Alexievich,Bela Shayevich - translator",Length: 22 hrs and 58 mins
The End of the World Is Just the Beginning,Peter Zeihan,Length: 16 hrs and 44 mins
On a Quiet Street,Seraphina Nova Glass,Length: 11 hrs and 21 mins
The Salt Fix,Dr. J. DiNicolantonio,Length: 7 hrs and 27 mins
A Head Full of Ghosts,Paul Tremblay,Length: 8 hrs and 49 mins
Celebration of Discipline,Richard J. Foster,Length: 7 hrs and 9 mins
Giovanni's Room,James Baldwin,Length: 6 hrs and 49 mins
The Boy Who Harnessed the Wind,"William Kamkwamba,Bryan Mealer",Length: 10 hrs and 4 mins
Solaris,"Stanislaw Lem,Bill Johnston - translator",Length: 7 hrs and 42 mins
First Blood,David Morrell,Length: 8 hrs and 26 mins
Defending Jacob,William Landay,Length: 12 hrs and 24 mins
The Rent Collector,Camron Wright,Length: 9 hrs and 12 mins
The Woman in the Library,Sulari Gentill,Length: 8 hrs and 58 mins
The Fault in Our Stars,John Green,Length: 7 hrs and 11 mins
Murder Through the English Post,Jessica Ellicott,Length: 9 hrs
"Cold, Cold Bones",Kathy Reichs,Length: 10 hrs and 31 mins
The Many Daughters of Afong Moy,Jamie Ford,Length: 13 hrs and 28 mins
Tokens and Towers 2,Harmon Cooper,Length: 11 hrs and 17 mins
War Transformed,Mick Ryan,Length: 9 hrs and 38 mins
Always Be My Duchess,Amalie Howard,Length: 9 hrs and 43 mins
Chrysalis,Lincoln Child,Length: 9 hrs and 56 mins
Small Giants,Bo Burlingham,Length: 10 hrs and 47 mins
Democracy in Chains,Nancy MacLean,Length: 10 hrs and 53 mins
The Forty Rules of Love,Elif Shafak,Length: 11 hrs and 34 mins
The Structure of Scientific Revolutions,Thomas S. Kuhn,Length: 10 hrs and 14 mins
Punished by Rewards,Alfie Kohn,Length: 13 hrs and 9 mins
Boyd,Robert Coram,Length: 19 hrs and 41 mins
A Crack in Creation,"Jennifer A. Doudna,Samuel H. Sternberg",Length: 9 hrs and 22 mins
Pain Free (Revised and Updated Second Edition),"Pete Egoscue,John Lynch - foreword",Length: 5 hrs and 59 mins
Dauntless,Jack Campbell,Length: 9 hrs and 55 mins
Nimitz at War,Craig L. Symonds,Length: 14 hrs and 26 mins
Noah Wolf Series: Books 17-19,David Archer,Length: 20 hrs and 51 mins
Uniquely Human: Updated and Expanded,"Barry M. Prizant PhD,Tom Fields-Meyer - contributor",Length: 11 hrs and 48 mins
Wild Is the Witch,Rachel Griffin,Length: 8 hrs and 44 mins
The Age of Paradise: Christendom from Pentecost to the First Millennium,John Strickland,Length: 11 hrs and 26 mins
The Book of Awakening,Mark Nepo,Length: 17 hrs and 26 mins
Flyboys,James Bradley,Length: 14 hrs and 22 mins
Thirteen Reasons Why,Jay Asher,Length: 6 hrs and 24 mins
An Astronaut's Guide to Life on Earth,Chris Hadfield,Length: 8 hrs and 45 mins
The Island of Dr. Moreau,H. G. Wells,Length: 5 hrs and 18 mins
Quantum Love,Laura Berman Ph.D.,Length: 11 hrs and 49 mins
The Lucifer Effect,Philip Zimbardo,Length: 26 hrs and 44 mins
The Heart Is a Lonely Hunter,Carson McCullers,Length: 12 hrs and 28 mins
Operation Mincemeat,Ben Macintyre,Length: 11 hrs and 18 mins
The Total Money Makeover,Dave Ramsey,Length: 3 hrs and 41 mins
Ready Player One,Ernest Cline,Length: 15 hrs and 40 mins
Forging Silver into Stars,Brigid Kemmerer,Length: 17 hrs and 28 mins
A Cursed Kiss,Jenny Hickman,Length: 14 hrs
Braiding Sweetgrass,Robin Wall Kimmerer,Length: 16 hrs and 44 mins
Soul in the Game,Vitaliy Katsenelson,Length: 10 hrs and 8 mins
Taking Charge of Your Fertility,Toni Weschler,Length: 10 hrs and 30 mins
Born in Blackness,Howard W. French,Length: 16 hrs and 49 mins
You,Caroline Kepnes,Length: 11 hrs and 6 mins
"Nine Women, One Dress",Jane L. Rosen,Length: 6 hrs and 57 mins
The Gap and the Gain,"Dan Sullivan,Dr. Benjamin Hardy",Length: 5 hrs and 58 mins
The Last to Vanish,Megan Miranda,Length: 9 hrs and 23 mins
Becoming Your Own Banker,R. Nelson Nash,Length: 3 hrs and 56 mins
48 Laws of Power,Robert Greene,Length: 23 hrs and 6 mins
The Heroic Age Trilogy,Rob J. Hayes,Length: 44 hrs and 8 mins
The Island of Dr. Moreau,H. G. Wells,Length: 5 hrs and 18 mins
Quantum Love,Laura Berman Ph.D.,Length: 11 hrs and 49 mins
The Lucifer Effect,Philip Zimbardo,Length: 26 hrs and 44 mins
The Heart Is a Lonely Hunter,Carson McCullers,Length: 12 hrs and 28 mins
Operation Mincemeat,Ben Macintyre,Length: 11 hrs and 18 mins
The Total Money Makeover,Dave Ramsey,Length: 3 hrs and 41 mins
Ready Player One,Ernest Cline,Length: 15 hrs and 40 mins
Forging Silver into Stars,Brigid Kemmerer,Length: 17 hrs and 28 mins
A Cursed Kiss,Jenny Hickman,Length: 14 hrs
Braiding Sweetgrass,Robin Wall Kimmerer,Length: 16 hrs and 44 mins
Soul in the Game,Vitaliy Katsenelson,Length: 10 hrs and 8 mins
Taking Charge of Your Fertility,Toni Weschler,Length: 10 hrs and 30 mins
Born in Blackness,Howard W. French,Length: 16 hrs and 49 mins
You,Caroline Kepnes,Length: 11 hrs and 6 mins
"Nine Women, One Dress",Jane L. Rosen,Length: 6 hrs and 57 mins
The Gap and the Gain,"Dan Sullivan,Dr. Benjamin Hardy",Length: 5 hrs and 58 mins
The Last to Vanish,Megan Miranda,Length: 9 hrs and 23 mins
Becoming Your Own Banker,R. Nelson Nash,Length: 3 hrs and 56 mins
48 Laws of Power,Robert Greene,Length: 23 hrs and 6 mins
The Heroic Age Trilogy,Rob J. Hayes,Length: 44 hrs and 8 mins
